	MAG_ID	Completness	Contamination	Size	#_contigs	Contig_N50	Longest_contig	MIMAG	Sample	5S_rRNA	23S_rRNA	16S_rRNA	UniqueTRNA	MIMAGExtended
0	bin_39	100.0	0.81	2252697	19	312737	399474	HIGH	SPMP64	5.0	5.0	5.0	20	HIGH
1	bin_37	99.72	0.08	2287106	7	2167246	2167246	HIGH	SPMP64	4.0	3.0	3.0	20	HIGH
2	bin_24	99.33	1.01	2877277	47	207223	793451	HIGH	SPMP64	2.0	3.0	3.0	19	HIGH
3	bin_36	99.05	0.63	2473341	32	496855	916663	HIGH	SPMP64	4.0	3.0	4.0	20	HIGH
4	bin_23	98.64	0.68	2892943	24	391310	892959	HIGH	SPMP64	6.0	6.0	6.0	20	HIGH
5	bin_18	98.05	0.0	3356712	75	257383	431600	HIGH	SPMP64	5.0	5.0	5.0	20	HIGH
6	bin_12	98.01	2.66	4003008	204	82448	240882	HIGH	SPMP64		5.0	5.0	20	NC
7	bin_34	98.01	1.13	2554615	27	237810	519763	HIGH	SPMP64	2.0	3.0	3.0	20	HIGH
8	bin_22	97.65	2.68	2932483	24	797138	1105993	HIGH	SPMP64	2.0	2.0	2.0	20	HIGH
9	bin_29	97.47	0.63	2725700	44	164857	279410	HIGH	SPMP64		1.0	1.0	18	NC
10	bin_16	97.09	0.95	3539339	27	492382	954409	HIGH	SPMP64	4.0	4.0	4.0	20	HIGH
11	bin_11	96.93	0.0	4239147	57	168997	486707	HIGH	SPMP64	3.0	3.0	3.0	20	HIGH
12	bin_17	96.9	2.87	3483078	42	458097	706617	HIGH	SPMP64		1.0	1.0	19	NC
13	bin_27	96.7	0.0	2831007	65	104392	293888	HIGH	SPMP64		5.0	5.0	20	NC
14	bin_14	96.64	0.83	3769292	55	272251	393465	HIGH	SPMP64	8.0	8.0	9.0	20	HIGH
15	bin_32	96.31	0.34	2620772	34	417774	505794	HIGH	SPMP64		5.0	5.0	20	NC
16	bin_2	96.25	0.89	6070600	80	201453	467103	HIGH	SPMP64	2.0	2.0	2.0	20	HIGH
17	bin_41	95.57	1.91	2081250	22	172558	341070	HIGH	SPMP64	2.0	1.0	1.0	14	NC
18	bin_30	95.53	0.67	2721668	53	86849	228899	HIGH	SPMP64		2.0	2.0	17	NC
19	bin_7	94.53	2.63	5257312	122	276293	462891	HIGH	SPMP64	5.0	5.0	5.0	20	HIGH
20	bin_38	93.96	0.51	2265776	48	135606	331998	HIGH	SPMP64				20	NC
21	bin_20	93.31	0.35	3079956	40	220055	410639	HIGH	SPMP64	8.0	8.0	8.0	18	HIGH
23	bin_9	91.75	0.62	4540679	51	161510	372257	HIGH	SPMP64	2.0	2.0	2.0	20	HIGH
24	bin_19	89.83	0.63	3288695	114	86144	224360	MEDIUM	SPMP64	3.0	4.0	4.0	17	MEDIUM
25	bin_4	88.84	9.3	5914192	113	336238	1174647	MEDIUM	SPMP64	7.0	6.0	6.0	18	MEDIUM
26	bin_26	88.78	0.6	2849278	110	53922	155763	MEDIUM	SPMP64		2.0	2.0	20	MEDIUM
27	bin_31	88.75	0.34	2709013	86	79038	273730	MEDIUM	SPMP64	2.0	5.0	5.0	18	MEDIUM
28	bin_15	88.31	1.82	3611125	41	178164	376708	MEDIUM	SPMP64		4.0	4.0	19	MEDIUM
29	bin_13	87.22	0.51	3847390	143	46966	168998	MEDIUM	SPMP64	2.0	2.0	2.0	19	MEDIUM
30	bin_10	83.38	3.04	4480683	55	332539	494420	MEDIUM	SPMP64	2.0	3.0	3.0	20	MEDIUM
31	bin_28	82.65	3.36	2728972	102	63948	186991	MEDIUM	SPMP64	2.0	2.0	2.0	14	MEDIUM
32	bin_1	79.78	5.17	6939994	245	52573	226681	MEDIUM	SPMP64	6.0	5.0	6.0	18	MEDIUM
34	bin_33	71.22	4.7	2589302	115	341116	612776	MEDIUM	SPMP64	2.0	2.0	2.0	10	MEDIUM
36	bin_43	67.4	0.64	1515697	76	30910	102277	MEDIUM	SPMP64	1.0	1.0		20	MEDIUM
37	bin_35	63.61	1.27	2483085	124	28092	115864	MEDIUM	SPMP64	1.0	1.0	1.0	13	MEDIUM
38	bin_3	54.31	6.03	6026307	529	17433	88105	MEDIUM	SPMP64	1.0	1.0	1.0	14	MEDIUM
39	bin_25	52.95	0.0	2862615	152	28337	147799	MEDIUM	SPMP64	4.0	4.0	4.0	17	MEDIUM
40	bin_21	52.63	8.77	3029018	85	115652	202329	MEDIUM	SPMP64	1.0	2.0	2.0	12	MEDIUM
69	bin_3	99.21	1.79	3876897	59	201524	954639	HIGH	SPMP71	3.0	7.0	7.0	19	HIGH
70	bin_40	99.19	3.02	2316950	48	115148	244014	HIGH	SPMP71		4.0	4.0	19	NC
71	bin_5	99.01	8.67	3558982	39	658741	1771133	MEDIUM	SPMP71	6.0	6.0	6.0	20	MEDIUM
72	bin_17	98.83	2.63	3119688	54	174151	279430	HIGH	SPMP71	3.0	5.0	5.0	20	HIGH
73	bin_44	98.82	0.0	2129567	3	2119432	2119432	HIGH	SPMP71	7.0	6.0	6.0	20	HIGH
74	bin_22	98.73	0.0	2895913	26	332892	413018	HIGH	SPMP71	6.0	5.0	5.0	20	HIGH
75	bin_13	98.51	3.64	3248290	59	196695	587903	HIGH	SPMP71		5.0	5.0	20	NC
76	bin_8	98.22	1.21	3438506	35	821251	1290007	HIGH	SPMP71		3.0	2.0	20	NC
77	bin_27	98.09	3.44	2728790	41	174928	398738	HIGH	SPMP71	4.0	4.0	4.0	20	HIGH
78	bin_18	97.95	0.0	3048698	61	234715	404132	HIGH	SPMP71	3.0	3.0	2.0	20	HIGH
79	bin_16	97.94	0.68	3127281	36	330899	631693	HIGH	SPMP71	4.0	4.0	4.0	20	HIGH
80	bin_15	97.79	0.79	3156638	66	101437	428308	HIGH	SPMP71	4.0	4.0	4.0	20	HIGH
81	bin_19	97.71	1.34	3015632	31	475899	1084707	HIGH	SPMP71	5.0	7.0	7.0	20	HIGH
82	bin_30	97.63	9.38	2594062	63	457947	1011672	MEDIUM	SPMP71	4.0	3.0	3.0	20	MEDIUM
83	bin_39	97.32	0.0	2335658	36	266150	383144	HIGH	SPMP71	2.0	1.0	1.0	20	HIGH
84	bin_28	97.17	0.0	2671081	29	171427	336629	HIGH	SPMP71		8.0	8.0	20	NC
85	bin_14	97.15	1.34	3230407	43	218802	659506	HIGH	SPMP71	3.0	3.0	3.0	20	HIGH
86	bin_2	96.94	6.48	4355689	39	401374	958956	MEDIUM	SPMP71		2.0	2.0	18	MEDIUM
87	bin_12	96.49	0.02	3298649	67	171441	412131	HIGH	SPMP71	2.0	3.0	3.0	20	HIGH
88	bin_21	96.47	0.0	2921394	19	1600210	1600210	HIGH	SPMP71	6.0	6.0	6.0	20	HIGH
89	bin_32	96.01	0.0	2533143	74	51233	209227	HIGH	SPMP71				19	NC
90	bin_6	95.69	3.61	3460292	92	80973	368849	HIGH	SPMP71	6.0	7.0	7.0	19	HIGH
91	bin_24	94.78	0.59	2829211	108	39707	158054	HIGH	SPMP71		1.0	1.0	19	NC
92	bin_36	94.02	0.67	2474662	43	130311	445411	HIGH	SPMP71	4.0	4.0	4.0	20	HIGH
93	bin_35	93.96	0.0	2483281	27	134428	264836	HIGH	SPMP71		1.0	1.0	18	NC
94	bin_25	93.96	1.57	2775819	55	147092	556840	HIGH	SPMP71	6.0	6.0	6.0	20	HIGH
95	bin_33	93.51	0.69	2521956	142	62252	148061	HIGH	SPMP71		2.0	2.0	20	NC
96	bin_9	93.18	0.95	3389370	65	160498	506830	HIGH	SPMP71	3.0	6.0	6.0	19	HIGH
97	bin_38	92.17	2.02	2346448	243	25684	80690	HIGH	SPMP71	3.0	2.0	2.0	18	HIGH
98	bin_43	90.85	5.17	2194463	59	94960	229410	MEDIUM	SPMP71	1.0	4.0	4.0	20	MEDIUM
99	bin_4	90.59	4.93	3717201	81	347841	685048	HIGH	SPMP71	5.0	5.0	5.0	19	HIGH
100	bin_29	90.38	3.8	2642110	66	166730	585898	HIGH	SPMP71	2.0	2.0	2.0	20	HIGH
101	bin_34	90.27	3.23	2498228	91	40386	86287	HIGH	SPMP71				19	NC
102	bin_42	89.6	0.0	2234905	21	233111	493090	MEDIUM	SPMP71				18	MEDIUM
103	bin_7	89.24	5.1	3445580	109	69340	175072	MEDIUM	SPMP71	3.0	3.0	3.0	20	MEDIUM
105	bin_45	84.38	1.61	2037276	52	75744	192895	MEDIUM	SPMP71		1.0	1.0	16	MEDIUM
106	bin_10	83.22	1.64	3344964	25	424580	511913	MEDIUM	SPMP71	8.0	8.0	8.0	20	MEDIUM
107	bin_11	80.32	7.28	3305295	118	69498	225032	MEDIUM	SPMP71	5.0	4.0	4.0	19	MEDIUM
109	bin_37	77.52	0.0	2378375	19	200370	430848	MEDIUM	SPMP71	1.0		1.0	16	MEDIUM
110	bin_46	76.04	0.0	1940396	18	131609	272755	MEDIUM	SPMP71	1.0			18	MEDIUM
111	bin_48	73.62	1.34	1787216	170	18002	111802	MEDIUM	SPMP71				17	MEDIUM
112	bin_20	69.75	2.16	2927436	95	51419	302410	MEDIUM	SPMP71	1.0	1.0	1.0	17	MEDIUM
113	bin_50	69.56	0.67	1541622	112	20740	81462	MEDIUM	SPMP71				16	MEDIUM
114	bin_49	65.15	0.0	1607457	16	100964	278968	MEDIUM	SPMP71				17	MEDIUM
115	bin_26	61.78	0.02	2732463	144	31132	75933	MEDIUM	SPMP71		1.0	2.0	17	MEDIUM
116	bin_23	58.39	2.06	2875275	220	20958	80861	MEDIUM	SPMP71	3.0	4.0	4.0	17	MEDIUM
117	bin_31	58.35	0.84	2564175	179	23291	62989	MEDIUM	SPMP71	2.0	3.0	3.0	16	MEDIUM
149	bin_4	100.0	0.63	3126397	148	39296	187123	HIGH	SPMP38				17	NC
150	bin_16	100.0	0.47	2314052	171	26109	92559	HIGH	SPMP38		1.0	1.0	20	NC
151	bin_15	100.0	0.0	2423049	103	39545	99422	HIGH	SPMP38	3.0		1.0	20	NC
152	bin_23	99.48	0.0	2073582	110	27575	133288	HIGH	SPMP38	4.0	1.0	1.0	18	HIGH
153	bin_2	99.21	3.0	3332998	103	131271	350666	HIGH	SPMP38				19	NC
154	bin_10	98.4	0.68	2604948	117	37568	135694	HIGH	SPMP38	1.0			17	NC
155	bin_6	97.99	0.67	2881415	170	32563	144825	HIGH	SPMP38	2.0		1.0	20	NC
156	bin_5	97.84	8.46	2986648	187	31277	118742	MEDIUM	SPMP38	6.0	1.0	1.0	20	MEDIUM
157	bin_18	97.47	0.63	2205489	141	27142	197110	HIGH	SPMP38	2.0	1.0	1.0	19	HIGH
158	bin_21	97.32	0.34	2150732	62	56973	229016	HIGH	SPMP38	4.0			19	NC
159	bin_20	97.27	0.0	2166791	60	60461	153032	HIGH	SPMP38	2.0			17	NC
160	bin_22	97.12	1.44	2084235	44	66132	191060	HIGH	SPMP38	1.0	1.0		18	NC
161	bin_38	94.94	2.25	1148052	27	64420	179489	HIGH	SPMP38		1.0	1.0	20	NC
162	bin_9	91.81	1.95	2729673	210	23785	90355	HIGH	SPMP38				14	NC
163	bin_14	89.87	2.59	2460743	314	12018	57340	MEDIUM	SPMP38				17	MEDIUM
164	bin_3	89.6	5.38	3220184	547	7762	34142	MEDIUM	SPMP38				9	MEDIUM
165	bin_13	89.19	4.42	2466024	166	31858	117539	MEDIUM	SPMP38	2.0			18	MEDIUM
166	bin_17	88.63	3.63	2292465	140	43132	186281	MEDIUM	SPMP38	3.0			19	MEDIUM
167	bin_24	86.41	2.01	1995494	68	45890	138954	MEDIUM	SPMP38	2.0			15	MEDIUM
168	bin_27	85.92	0.71	1801433	201	12673	62795	MEDIUM	SPMP38	1.0			18	MEDIUM
169	bin_25	84.58	1.44	1949787	334	7753	32786	MEDIUM	SPMP38	2.0			15	MEDIUM
170	bin_29	84.5	1.24	1670256	227	9862	50196	MEDIUM	SPMP38				14	MEDIUM
171	bin_8	80.7	1.75	2793306	234	14752	77042	MEDIUM	SPMP38				13	MEDIUM
172	bin_7	74.43	6.33	2800889	315	14160	74501	MEDIUM	SPMP38				13	MEDIUM
173	bin_26	71.95	0.0	1866608	154	19693	63594	MEDIUM	SPMP38	1.0			15	MEDIUM
174	bin_1	66.61	6.44	4412477	1085	5230	75798	MEDIUM	SPMP38				15	MEDIUM
175	bin_32	62.31	1.46	1475287	297	6176	25664	MEDIUM	SPMP38	1.0			9	MEDIUM
176	bin_12	57.48	2.63	2500732	480	6344	39782	MEDIUM	SPMP38				12	MEDIUM
177	bin_28	56.61	0.0	1685512	245	9924	42199	MEDIUM	SPMP38	2.0			13	MEDIUM
178	bin_11	56.03	0.0	2588222	224	18126	45818	MEDIUM	SPMP38				16	MEDIUM
179	bin_33	55.05	2.01	1368243	306	5219	18268	MEDIUM	SPMP38				4	MEDIUM
180	bin_36	50.88	0.0	1198451	278	4467	15146	MEDIUM	SPMP38				7	MEDIUM
181	bin_19	50.0	0.0	2177522	386	5968	20543	MEDIUM	SPMP38				11	MEDIUM
224	bin_36	99.42	0.97	3210183	29	599183	1035028	HIGH	SPMP40	3.0	6.0	6.0	20	HIGH
225	bin_67	99.4	0.0	2242039	5	2227139	2227139	HIGH	SPMP40	3.0	3.0	3.0	20	HIGH
226	bin_31	99.33	2.03	3296189	38	490741	832291	HIGH	SPMP40	6.0	7.0	7.0	20	HIGH
227	bin_72	99.19	0.0	2099309	15	329561	726584	HIGH	SPMP40		3.0	2.0	19	NC
228	bin_44	99.04	2.64	2845358	28	491753	886746	HIGH	SPMP40	2.0	2.0	2.0	20	HIGH
229	bin_4	99.04	1.09	5082025	41	488781	1106170	HIGH	SPMP40	5.0	6.0	6.0	20	HIGH
230	bin_53	98.92	1.23	2579925	19	1006294	1229089	HIGH	SPMP40		4.0	4.0	20	NC
231	bin_65	98.86	0.09	2308496	5	2197707	2197707	HIGH	SPMP40	5.0	4.0	4.0	20	HIGH
232	bin_8	98.82	1.78	4372584	14	1087044	1249558	HIGH	SPMP40	4.0	4.0	4.0	20	HIGH
233	bin_62	98.81	4.03	2403076	28	155978	374632	HIGH	SPMP40	3.0	5.0	5.0	20	HIGH
234	bin_66	98.68	5.09	2263545	15	1290723	1290723	MEDIUM	SPMP40	5.0	5.0	5.0	20	MEDIUM
235	bin_70	98.66	0.0	2144104	11	735155	824393	HIGH	SPMP40	3.0	2.0	2.0	20	HIGH
236	bin_6	98.52	0.38	4407863	34	233887	557860	HIGH	SPMP40	6.0	5.0	5.0	20	HIGH
237	bin_22	98.29	1.49	3523936	66	156598	305567	HIGH	SPMP40	5.0	5.0	5.0	20	HIGH
238	bin_69	98.27	0.0	2147216	1	2147216	2147216	HIGH	SPMP40		3.0	3.0	20	NC
239	bin_2	98.19	7.62	5379972	42	431688	789818	MEDIUM	SPMP40	4.0	3.0	3.0	20	MEDIUM
240	bin_49	98.12	0.0	2723309	58	288403	1223394	HIGH	SPMP40	6.0	6.0	6.0	20	HIGH
241	bin_13	98.1	1.58	3817208	30	204452	604544	HIGH	SPMP40		7.0	7.0	20	NC
242	bin_50	98.1	0.0	2678340	20	323203	446681	HIGH	SPMP40	3.0	3.0	3.0	20	HIGH
243	bin_1	98.09	4.38	6451672	81	270773	896733	HIGH	SPMP40	5.0	5.0	5.0	20	HIGH
244	bin_39	97.99	0.0	2986943	16	575559	796963	HIGH	SPMP40	3.0	3.0	3.0	19	HIGH
245	bin_26	97.94	0.0	3458604	38	1129037	1383835	HIGH	SPMP40	6.0	5.0	5.0	20	HIGH
246	bin_15	97.88	0.93	3756344	23	337651	592715	HIGH	SPMP40	4.0	4.0	4.0	20	HIGH
247	bin_37	97.79	1.53	3194848	47	358628	576087	HIGH	SPMP40	5.0	5.0	5.0	20	HIGH
248	bin_11	97.73	0.84	3892340	66	265835	998617	HIGH	SPMP40	5.0	5.0	4.0	20	HIGH
249	bin_28	97.65	3.36	3406597	31	538532	901694	HIGH	SPMP40	8.0	8.0	8.0	20	HIGH
250	bin_16	97.44	0.16	3747047	17	533609	1377626	HIGH	SPMP40	1.0	2.0	2.0	20	HIGH
251	bin_48	97.32	0.0	2750043	24	679063	1013591	HIGH	SPMP40	2.0	4.0	5.0	20	HIGH
252	bin_30	96.98	3.02	3359853	78	309923	484214	HIGH	SPMP40	3.0	3.0	3.0	20	HIGH
253	bin_61	96.64	4.03	2421308	9	1223124	1223124	HIGH	SPMP40	3.0	3.0	3.0	20	HIGH
254	bin_59	96.64	1.34	2450865	8	1642002	1642002	HIGH	SPMP40	3.0	4.0	4.0	20	HIGH
255	bin_32	96.52	0.63	3281961	34	267416	762340	HIGH	SPMP40	3.0	3.0	3.0	19	HIGH
256	bin_27	96.51	0.27	3450335	5	2236393	2236393	HIGH	SPMP40	3.0	3.0	3.0	19	HIGH
257	bin_42	96.31	0.67	2867605	27	273980	570888	HIGH	SPMP40	4.0	5.0	7.0	20	HIGH
258	bin_12	96.26	0.34	3825327	25	523683	965168	HIGH	SPMP40	4.0	4.0	4.0	20	HIGH
259	bin_7	95.5	0.85	4387983	62	149174	583022	HIGH	SPMP40	2.0	2.0	2.0	20	HIGH
260	bin_38	95.21	1.37	3043475	39	222032	304632	HIGH	SPMP40	2.0	2.0	2.0	19	HIGH
261	bin_34	95.11	3.61	3223576	49	91064	266605	HIGH	SPMP40				18	NC
262	bin_54	95.08	0.34	2547898	37	114151	591844	HIGH	SPMP40		1.0	1.0	18	NC
263	bin_29	94.97	0.0	3396765	66	140667	451750	HIGH	SPMP40	1.0	1.0	2.0	20	HIGH
264	bin_43	94.34	1.67	2846722	73	130993	315180	HIGH	SPMP40	3.0	3.0	3.0	16	NC
265	bin_20	93.29	1.23	3602303	49	163689	338558	HIGH	SPMP40	2.0	2.0	2.0	20	HIGH
266	bin_40	92.06	0.0	2966779	62	86283	338564	HIGH	SPMP40	2.0	4.0	4.0	20	HIGH
267	bin_25	91.84	4.83	3462856	48	299434	650103	HIGH	SPMP40	4.0	4.0	4.0	19	HIGH
268	bin_46	89.82	2.01	2761967	46	115042	221108	MEDIUM	SPMP40	5.0	4.0	4.0	20	MEDIUM
269	bin_71	88.53	0.32	2102802	37	125828	176511	MEDIUM	SPMP40	3.0	2.0	2.0	16	MEDIUM
270	bin_17	88.41	7.44	3694603	98	174073	765059	MEDIUM	SPMP40	3.0	3.0	3.0	19	MEDIUM
271	bin_19	87.55	3.31	3631655	75	257355	719416	MEDIUM	SPMP40	2.0	5.0	5.0	19	MEDIUM
272	bin_5	87.33	5.8	4522349	28	270882	726096	MEDIUM	SPMP40	6.0	6.0	6.0	20	MEDIUM
273	bin_21	86.64	6.84	3570833	89	89169	245460	MEDIUM	SPMP40	2.0	5.0	5.0	17	MEDIUM
274	bin_52	86.22	3.22	2622059	97	66288	167527	MEDIUM	SPMP40				17	MEDIUM
275	bin_47	86.16	0.67	2761475	48	124357	243996	MEDIUM	SPMP40		1.0	1.0	17	MEDIUM
276	bin_45	85.49	0.0	2803612	90	88214	305838	MEDIUM	SPMP40	3.0	3.0	3.0	20	MEDIUM
277	bin_3	84.36	4.45	5123945	104	165193	408582	MEDIUM	SPMP40	4.0	4.0	4.0	19	MEDIUM
278	bin_23	83.43	6.65	3485260	72	152592	432545	MEDIUM	SPMP40	6.0	6.0	6.0	18	MEDIUM
279	bin_57	82.44	0.0	2463050	40	82569	251222	MEDIUM	SPMP40	2.0	2.0	2.0	17	MEDIUM
280	bin_41	82.42	6.73	2951473	31	204387	881918	MEDIUM	SPMP40		6.0	5.0	19	MEDIUM
281	bin_63	81.77	0.0	2361413	98	42437	139366	MEDIUM	SPMP40	1.0			17	MEDIUM
282	bin_18	80.54	4.64	3659607	88	167772	453570	MEDIUM	SPMP40	5.0	5.0	5.0	18	MEDIUM
283	bin_56	80.54	1.68	2468416	56	74859	218925	MEDIUM	SPMP40	2.0	3.0	3.0	20	MEDIUM
284	bin_35	79.07	0.7	3216444	113	81753	251569	MEDIUM	SPMP40		3.0	5.0	19	MEDIUM
285	bin_14	77.56	6.33	3786075	120	55460	137711	MEDIUM	SPMP40		3.0	3.0	13	MEDIUM
286	bin_58	75.32	3.37	2457093	115	51618	140262	MEDIUM	SPMP40				15	MEDIUM
287	bin_24	72.63	3.69	3485173	104	108342	239086	MEDIUM	SPMP40	3.0	4.0	4.0	19	MEDIUM
288	bin_74	71.72	1.04	1766270	3	991678	991678	MEDIUM	SPMP40		1.0	1.0	14	MEDIUM
289	bin_55	71.71	0.0	2502613	90	48613	114645	MEDIUM	SPMP40	1.0	1.0	1.0	16	MEDIUM
290	bin_33	69.81	1.27	3251360	63	81758	247833	MEDIUM	SPMP40	2.0	2.0	2.0	17	MEDIUM
291	bin_60	68.34	0.67	2430525	90	48326	235868	MEDIUM	SPMP40	2.0			17	MEDIUM
292	bin_10	65.92	3.35	4042654	127	70252	180583	MEDIUM	SPMP40	4.0	4.0	4.0	16	MEDIUM
293	bin_73	63.53	0.0	1926089	30	86668	208621	MEDIUM	SPMP40				15	MEDIUM
294	bin_75	62.6	0.58	1570425	83	39102	123267	MEDIUM	SPMP40	1.0	2.0	2.0	16	MEDIUM
295	bin_64	59.18	7.62	2335296	39	414955	551910	MEDIUM	SPMP40	4.0	3.0	5.0	15	MEDIUM
339	bin_26	100.0	0.27	2837214	8	1553248	1553248	HIGH	SPMP74		1.0	1.0	20	NC
340	bin_50	99.45	0.0	2140340	7	933917	1031071	HIGH	SPMP74		2.0	2.0	20	NC
341	bin_8	99.37	1.27	3486578	30	274200	548692	HIGH	SPMP74	5.0	5.0	5.0	20	HIGH
342	bin_11	98.99	0.67	3395120	45	270459	1025355	HIGH	SPMP74	8.0	8.0	8.0	20	HIGH
343	bin_33	98.64	0.68	2672601	46	155832	404847	HIGH	SPMP74	3.0	3.0	5.0	19	HIGH
344	bin_3	98.42	5.43	4176122	148	148151	539448	MEDIUM	SPMP74	3.0	3.0	3.0	18	MEDIUM
345	bin_42	98.32	0.96	2497388	28	197425	567967	HIGH	SPMP74	2.0	2.0	2.0	19	HIGH
346	bin_45	98.23	0.81	2393615	30	132572	321592	HIGH	SPMP74	3.0	4.0	4.0	20	HIGH
347	bin_6	98.1	3.16	3663283	41	799093	1105083	HIGH	SPMP74	4.0	10.0	12.0	20	HIGH
348	bin_39	98.05	0.15	2544301	29	190082	529898	HIGH	SPMP74	1.0	1.0	1.0	19	HIGH
349	bin_14	98.02	1.17	3190579	79	120203	631064	HIGH	SPMP74	4.0	4.0	4.0	20	HIGH
350	bin_25	97.97	2.01	2839203	19	589455	1003895	HIGH	SPMP74	3.0	6.0	6.0	20	HIGH
351	bin_4	97.94	2.05	3766028	63	178666	489674	HIGH	SPMP74	6.0	6.0	6.0	20	HIGH
352	bin_41	97.94	0.0	2501726	31	171628	593659	HIGH	SPMP74	1.0	4.0	4.0	20	HIGH
353	bin_10	97.85	1.21	3402241	36	278727	496681	HIGH	SPMP74		3.0	3.0	20	NC
354	bin_29	97.69	0.63	2755849	16	791724	1115477	HIGH	SPMP74	4.0	4.0	4.0	20	HIGH
355	bin_24	97.66	0.0	2862076	43	157986	337118	HIGH	SPMP74	1.0	2.0	3.0	19	HIGH
356	bin_27	97.39	2.67	2799825	99	67762	246170	HIGH	SPMP74		4.0	4.0	20	NC
357	bin_20	97.37	7.34	2993467	64	175488	520449	MEDIUM	SPMP74	5.0	5.0	5.0	20	MEDIUM
358	bin_7	97.34	2.42	3579181	49	202539	637557	HIGH	SPMP74		3.0	3.0	20	NC
359	bin_13	97.11	2.38	3287633	104	85009	223849	HIGH	SPMP74	3.0	3.0	3.0	20	HIGH
360	bin_17	97.05	1.5	3023472	55	147062	335862	HIGH	SPMP74	2.0	2.0	2.0	20	HIGH
361	bin_5	96.69	2.82	3757709	90	98288	248146	HIGH	SPMP74	2.0	4.0	5.0	20	HIGH
362	bin_18	96.64	0.0	3021699	58	171307	349018	HIGH	SPMP74	3.0	2.0	3.0	20	HIGH
363	bin_9	96.23	0.77	3417909	93	104766	241715	HIGH	SPMP74		3.0	3.0	20	NC
364	bin_31	96.23	5.15	2709437	31	563179	929911	MEDIUM	SPMP74	5.0	5.0	5.0	20	MEDIUM
366	bin_23	95.86	0.67	2864965	10	739264	1045439	HIGH	SPMP74	4.0	4.0	4.0	20	HIGH
367	bin_28	95.3	0.0	2796631	108	260975	802224	HIGH	SPMP74	3.0	3.0	3.0	20	HIGH
368	bin_22	95.13	0.63	2930207	92	65962	168844	HIGH	SPMP74	1.0	2.0	2.0	19	HIGH
369	bin_49	94.68	0.44	2180529	43	94000	247257	HIGH	SPMP74	3.0	2.0	2.0	19	HIGH
370	bin_47	94.29	1.9	2273648	20	238871	344866	HIGH	SPMP74		2.0	2.0	18	NC
371	bin_46	94.17	2.57	2298094	146	34702	120139	HIGH	SPMP74		2.0	2.0	19	NC
372	bin_53	93.29	0.0	2001556	15	350655	868218	HIGH	SPMP74	1.0		1.0	18	NC
373	bin_15	92.9	2.27	3087156	105	61359	165941	HIGH	SPMP74	1.0	2.0	2.0	20	HIGH
374	bin_2	92.77	6.26	5306688	189	119481	473980	MEDIUM	SPMP74	4.0	4.0	4.0	20	MEDIUM
375	bin_16	92.4	7.15	3044174	104	85577	308783	MEDIUM	SPMP74	5.0	5.0	6.0	20	MEDIUM
376	bin_57	91.95	0.0	1891451	3	1238432	1238432	HIGH	SPMP74	3.0	2.0	2.0	19	HIGH
377	bin_36	91.61	0.0	2630801	32	479470	1084431	HIGH	SPMP74		4.0	4.0	20	NC
378	bin_35	91.22	0.17	2644928	84	58332	202528	HIGH	SPMP74	3.0	3.0	3.0	19	HIGH
379	bin_32	89.28	0.0	2682214	175	37376	129122	MEDIUM	SPMP74	2.0	2.0	2.0	18	MEDIUM
380	bin_19	88.59	0.0	3010531	41	131536	328543	MEDIUM	SPMP74				16	MEDIUM
381	bin_48	87.36	4.84	2209014	64	62954	161896	MEDIUM	SPMP74	3.0	3.0	3.0	19	MEDIUM
382	bin_61	87.18	0.83	1743045	1	1743045	1743045	MEDIUM	SPMP74	4.0	3.0	3.0	20	MEDIUM
383	bin_54	86.5	0.08	1958049	90	31088	85000	MEDIUM	SPMP74				16	MEDIUM
384	bin_38	85.56	0.0	2610234	78	61395	192667	MEDIUM	SPMP74	1.0			19	MEDIUM
385	bin_40	84.21	0.06	2519524	39	216455	325884	MEDIUM	SPMP74	3.0	3.0	4.0	16	MEDIUM
386	bin_44	84.06	0.0	2453693	195	23368	90793	MEDIUM	SPMP74	1.0	2.0	1.0	20	MEDIUM
387	bin_71	83.66	3.37	1222795	42	95964	166543	MEDIUM	SPMP74		1.0	1.0	19	MEDIUM
389	bin_56	79.64	0.82	1902417	69	41497	206414	MEDIUM	SPMP74	3.0	3.0	3.0	17	MEDIUM
390	bin_30	79.59	0.67	2752093	165	35015	140523	MEDIUM	SPMP74	1.0	1.0	1.0	20	MEDIUM
391	bin_59	74.02	3.13	1781870	16	605054	753022	MEDIUM	SPMP74	2.0	2.0	1.0	20	MEDIUM
392	bin_64	72.49	0.3	1628147	110	21971	58218	MEDIUM	SPMP74				17	MEDIUM
393	bin_51	70.32	0.91	2053410	115	30474	76737	MEDIUM	SPMP74				13	MEDIUM
394	bin_12	69.83	5.82	3357322	196	24338	117832	MEDIUM	SPMP74	1.0	1.0	1.0	20	MEDIUM
395	bin_43	69.28	0.0	2471904	122	35510	151945	MEDIUM	SPMP74		4.0	4.0	18	MEDIUM
396	bin_63	67.24	4.31	1717784	33	69014	150918	MEDIUM	SPMP74				9	MEDIUM
397	bin_58	65.55	0.67	1801647	25	85776	126645	MEDIUM	SPMP74				16	MEDIUM
398	bin_67	64.82	0.0	1403741	128	21014	76983	MEDIUM	SPMP74				15	MEDIUM
400	bin_34	54.14	1.6	2647803	193	21922	94832	MEDIUM	SPMP74	3.0	4.0	4.0	15	MEDIUM
401	bin_52	53.29	0.67	2023323	165	22626	103027	MEDIUM	SPMP74		1.0	1.0	13	MEDIUM
402	bin_21	51.71	2.22	2989434	206	22830	95780	MEDIUM	SPMP74	1.0	1.0	1.0	16	MEDIUM
446	bin_19	99.6	2.15	3471344	74	125126	518807	HIGH	SPMP21	2.0	2.0	2.0	20	HIGH
447	bin_9	99.08	0.19	4831345	50	287500	557776	HIGH	SPMP21	3.0	4.0	4.0	20	HIGH
448	bin_34	99.0	2.1	2412927	26	186630	609507	HIGH	SPMP21	3.0	3.0	3.0	20	HIGH
449	bin_11	98.8	7.17	4138764	45	718759	1353458	MEDIUM	SPMP21	1.0	4.0	4.0	20	MEDIUM
450	bin_29	98.66	1.01	2884024	16	611311	949067	HIGH	SPMP21	3.0	3.0	3.0	20	HIGH
451	bin_30	98.51	6.79	2840778	81	276398	957716	MEDIUM	SPMP21		2.0	2.0	20	MEDIUM
452	bin_14	98.5	3.38	3728620	38	316804	765752	HIGH	SPMP21		3.0	3.0	20	NC
453	bin_28	98.43	0.0	2888766	26	380484	510479	HIGH	SPMP21		4.0	4.0	19	NC
454	bin_16	97.92	0.63	3608429	20	512550	1713614	HIGH	SPMP21	5.0	6.0	6.0	20	HIGH
455	bin_24	97.89	0.0	3171656	17	444436	777560	HIGH	SPMP21		6.0	5.0	20	NC
456	bin_1	97.4	1.72	6452176	52	362576	557900	HIGH	SPMP21	1.0	4.0	4.0	20	HIGH
457	bin_6	97.09	0.45	5278963	50	445891	764907	HIGH	SPMP21	4.0	4.0	4.0	20	HIGH
458	bin_15	96.92	0.0	3613467	34	525141	751084	HIGH	SPMP21	3.0	3.0	3.0	20	HIGH
459	bin_35	96.86	2.07	2285464	16	499786	1062736	HIGH	SPMP21		3.0	3.0	20	NC
460	bin_26	96.64	0.0	2925358	61	135363	258869	HIGH	SPMP21		1.0	1.0	18	NC
461	bin_27	96.62	3.84	2899400	51	224181	453156	HIGH	SPMP21	4.0	6.0	6.0	20	HIGH
462	bin_8	96.35	1.15	4839259	44	295406	515000	HIGH	SPMP21	1.0	1.0	2.0	20	HIGH
463	bin_25	96.03	2.48	2998827	188	49246	252583	HIGH	SPMP21	1.0	2.0	2.0	20	HIGH
464	bin_17	93.94	0.67	3546683	120	52550	184999	HIGH	SPMP21			1.0	20	NC
465	bin_5	93.93	0.85	5930582	231	80383	260017	HIGH	SPMP21				18	NC
466	bin_12	93.91	2.49	3828763	139	88482	229832	HIGH	SPMP21		3.0	3.0	20	NC
467	bin_23	93.88	1.4	3181724	17	2295177	2295177	HIGH	SPMP21	2.0	2.0	2.0	20	HIGH
468	bin_36	92.48	1.27	2231070	38	233105	412896	HIGH	SPMP21	1.0	1.0	2.0	20	HIGH
469	bin_3	91.8	4.66	5981189	80	262539	671291	HIGH	SPMP21	3.0	3.0	3.0	19	HIGH
470	bin_31	90.23	0.0	2506869	155	28732	88731	HIGH	SPMP21	3.0	3.0	3.0	19	HIGH
471	bin_7	89.99	0.99	4877980	236	54030	196539	MEDIUM	SPMP21		4.0	4.0	15	MEDIUM
472	bin_10	89.21	2.43	4783524	314	30944	129777	MEDIUM	SPMP21	3.0	3.0	3.0	19	MEDIUM
473	bin_38	88.51	0.0	1991989	96	51415	204546	MEDIUM	SPMP21		1.0	1.0	18	MEDIUM
474	bin_22	88.27	5.37	3226201	262	30270	161856	MEDIUM	SPMP21		2.0	2.0	18	MEDIUM
475	bin_21	86.35	2.3	3315394	152	41839	102955	MEDIUM	SPMP21				16	MEDIUM
476	bin_33	83.87	4.89	2471610	179	42245	171319	MEDIUM	SPMP21	1.0	1.0	1.0	13	MEDIUM
477	bin_2	83.74	4.8	6047558	187	95450	340084	MEDIUM	SPMP21		2.0	2.0	20	MEDIUM
478	bin_4	82.16	8.19	5936044	60	180610	439108	MEDIUM	SPMP21	3.0	3.0	3.0	19	MEDIUM
479	bin_20	58.43	0.63	3426076	329	16435	60449	MEDIUM	SPMP21				12	MEDIUM
480	bin_18	57.01	0.79	3541161	290	21894	94513	MEDIUM	SPMP21		3.0	3.0	15	MEDIUM
481	bin_13	52.93	3.1	3779967	272	23910	99268	MEDIUM	SPMP21				14	MEDIUM
499	bin_5	99.52	1.93	3191801	55	126390	609464	HIGH	SPMP11				19	NC
500	bin_4	99.37	1.79	3224625	42	98300	287304	HIGH	SPMP11				16	NC
501	bin_14	99.33	0.67	2112311	18	192535	450578	HIGH	SPMP11	2.0			18	NC
502	bin_2	98.12	0.5	4473376	140	54611	187890	HIGH	SPMP11	1.0		1.0	19	NC
503	bin_1	97.99	9.55	5547376	589	14295	210669	MEDIUM	SPMP11				18	MEDIUM
504	bin_8	97.92	0.0	2621871	50	86562	306908	HIGH	SPMP11	1.0	1.0	1.0	20	HIGH
505	bin_13	97.47	0.63	2116769	57	63407	180474	HIGH	SPMP11	4.0			20	NC
506	bin_9	97.32	0.0	2537848	17	181441	385157	HIGH	SPMP11				15	NC
507	bin_7	96.33	1.27	2737846	91	45259	206868	HIGH	SPMP11				17	NC
508	bin_6	95.71	0.4	2790849	154	24356	69151	HIGH	SPMP11				16	NC
509	bin_19	95.61	1.68	1976802	88	81537	155938	HIGH	SPMP11	1.0		1.0	20	NC
510	bin_10	95.24	0.0	2480874	74	58481	180397	HIGH	SPMP11	1.0			18	NC
511	bin_16	93.62	0.0	2041270	68	68589	188405	HIGH	SPMP11	2.0			18	NC
512	bin_11	93.39	2.42	2342617	95	41838	113250	HIGH	SPMP11				12	NC
513	bin_18	92.42	3.68	2010881	101	30055	175681	HIGH	SPMP11	2.0			19	NC
514	bin_12	92.37	4.03	2259693	252	12153	59766	HIGH	SPMP11				13	NC
515	bin_25	84.93	1.34	1575143	154	13157	53001	MEDIUM	SPMP11				15	MEDIUM
516	bin_21	77.54	4.76	1819643	221	10249	67819	MEDIUM	SPMP11				19	MEDIUM
517	bin_26	75.84	0.0	1472774	250	6593	24552	MEDIUM	SPMP11	1.0			13	MEDIUM
518	bin_3	75.44	0.0	3583857	626	6365	70290	MEDIUM	SPMP11				15	MEDIUM
519	bin_17	70.0	3.57	2016553	96	32034	185768	MEDIUM	SPMP11	3.0			17	MEDIUM
520	bin_27	63.51	1.01	1414779	268	5755	24052	MEDIUM	SPMP11	1.0			3	MEDIUM
521	bin_28	61.2	0.0	1247972	248	5270	18687	MEDIUM	SPMP11				5	MEDIUM
522	bin_23	60.23	5.26	1675110	242	8424	30395	MEDIUM	SPMP11				16	MEDIUM
523	bin_20	56.46	2.63	1900903	116	24356	78517	MEDIUM	SPMP11				10	MEDIUM
524	bin_29	54.39	0.0	1022379	212	4922	18298	MEDIUM	SPMP11				4	MEDIUM
525	bin_24	52.14	0.0	1642642	242	7949	23680	MEDIUM	SPMP11				12	MEDIUM
556	bin_15	100.0	1.79	4001862	101	76094	288465	HIGH	SPMP67	1.0	1.0	1.0	19	HIGH
557	bin_5	99.04	0.98	5595255	115	113202	361463	HIGH	SPMP67	4.0	5.0	5.0	20	HIGH
558	bin_40	99.0	0.53	2294911	12	1190536	1190536	HIGH	SPMP67	4.0	4.0	4.0	20	HIGH
559	bin_42	98.77	0.0	2239444	3	1887736	1887736	HIGH	SPMP67		3.0	3.0	20	NC
560	bin_35	98.48	1.5	2556330	18	691812	877218	HIGH	SPMP67	4.0	4.0	4.0	20	HIGH
561	bin_20	98.19	0.67	3470357	70	265828	560214	HIGH	SPMP67	6.0	5.0	6.0	20	HIGH
562	bin_11	98.06	0.93	4675976	102	230606	542467	HIGH	SPMP67	2.0	2.0	2.0	20	HIGH
564	bin_8	97.87	5.91	5335444	73	488034	809103	MEDIUM	SPMP67	6.0	8.0	8.0	20	MEDIUM
565	bin_1	97.8	0.93	6880872	52	476983	1399617	HIGH	SPMP67	3.0	3.0	3.0	20	HIGH
566	bin_39	97.74	0.92	2344435	107	51196	129814	HIGH	SPMP67	1.0	1.0	1.0	18	HIGH
567	bin_28	97.65	5.03	2956045	26	384134	693236	MEDIUM	SPMP67	7.0	8.0	7.0	20	MEDIUM
568	bin_7	97.38	1.51	5354026	75	414977	659829	HIGH	SPMP67	7.0	8.0	8.0	20	HIGH
569	bin_18	97.37	0.49	3538093	82	213015	606589	HIGH	SPMP67		6.0	6.0	20	NC
570	bin_21	97.34	1.27	3433842	62	158216	515750	HIGH	SPMP67	3.0	3.0	3.0	20	HIGH
571	bin_33	97.32	2.01	2622004	124	41864	274639	HIGH	SPMP67	2.0	3.0	3.0	20	HIGH
572	bin_49	96.77	0.18	1875440	30	189155	666537	HIGH	SPMP67	1.0		1.0	20	NC
573	bin_9	96.6	2.43	5012692	71	183875	539602	HIGH	SPMP67	2.0	2.0	2.0	20	HIGH
574	bin_19	95.83	1.69	3472502	36	404530	482626	HIGH	SPMP67		3.0	3.0	20	NC
575	bin_4	95.56	0.67	5703379	101	140226	477476	HIGH	SPMP67	3.0	3.0	3.0	20	HIGH
576	bin_10	95.41	2.85	4879912	110	122718	380743	HIGH	SPMP67	2.0	7.0	7.0	20	HIGH
577	bin_27	95.3	0.67	3034209	37	219313	436232	HIGH	SPMP67	2.0	2.0	2.0	20	HIGH
578	bin_14	94.76	0.19	4329845	127	55370	228241	HIGH	SPMP67	4.0	5.0	5.0	20	HIGH
579	bin_23	94.56	4.08	3293024	45	269485	828415	HIGH	SPMP67	6.0	6.0	6.0	20	HIGH
580	bin_17	94.24	1.97	3716160	76	111399	365535	HIGH	SPMP67	1.0	2.0	3.0	19	HIGH
581	bin_36	94.06	0.0	2504923	27	348118	634715	HIGH	SPMP67		4.0	4.0	20	NC
583	bin_24	93.13	1.74	3225449	190	40536	112559	HIGH	SPMP67	1.0		1.0	17	NC
584	bin_26	93.01	1.03	3047713	89	82778	157316	HIGH	SPMP67		3.0	3.0	19	NC
585	bin_16	88.82	3.12	3761510	216	32062	123680	MEDIUM	SPMP67	1.0			18	MEDIUM
586	bin_3	88.32	2.42	6244498	377	32387	191527	MEDIUM	SPMP67	1.0	1.0	1.0	18	MEDIUM
587	bin_31	86.29	2.22	2726697	246	23502	62165	MEDIUM	SPMP67		1.0	1.0	19	MEDIUM
588	bin_38	84.95	1.17	2409880	155	23640	76092	MEDIUM	SPMP67				17	MEDIUM
589	bin_45	84.57	0.35	2050139	184	22275	79062	MEDIUM	SPMP67				15	MEDIUM
590	bin_13	83.42	9.97	4465610	453	15972	110737	MEDIUM	SPMP67	2.0	2.0	2.0	16	MEDIUM
591	bin_48	80.49	0.69	1879633	131	26394	103271	MEDIUM	SPMP67	1.0	2.0	1.0	17	MEDIUM
592	bin_47	77.48	2.09	1964275	170	23039	90188	MEDIUM	SPMP67				11	MEDIUM
593	bin_34	75.99	0.22	2576469	351	13819	72495	MEDIUM	SPMP67	1.0	1.0	1.0	18	MEDIUM
594	bin_22	75.61	3.49	3293730	330	15538	53856	MEDIUM	SPMP67				16	MEDIUM
595	bin_37	75.05	0.95	2470913	230	15867	62172	MEDIUM	SPMP67	1.0	1.0	1.0	14	MEDIUM
596	bin_44	74.69	0.83	2187110	321	14742	81448	MEDIUM	SPMP67		2.0	2.0	17	MEDIUM
597	bin_2	71.03	0.0	6526795	229	66194	217245	MEDIUM	SPMP67	2.0	2.0	2.0	18	MEDIUM
598	bin_6	70.79	5.38	5537937	419	29261	112554	MEDIUM	SPMP67	3.0	3.0	3.0	17	MEDIUM
599	bin_30	67.32	2.53	2754495	378	15376	87239	MEDIUM	SPMP67	1.0	2.0	1.0	20	MEDIUM
600	bin_43	65.48	0.0	2207882	164	19347	87960	MEDIUM	SPMP67	1.0	1.0	1.0	16	MEDIUM
601	bin_25	64.72	0.0	3156594	290	19503	68629	MEDIUM	SPMP67		1.0	1.0	18	MEDIUM
602	bin_41	62.08	4.44	2263492	264	14095	58168	MEDIUM	SPMP67				5	MEDIUM
603	bin_12	61.15	0.63	4620900	763	11339	59357	MEDIUM	SPMP67				12	MEDIUM
604	bin_52	60.57	0.29	1756698	179	17158	65721	MEDIUM	SPMP67		1.0	1.0	10	MEDIUM
605	bin_51	54.19	0.34	1779378	200	13392	48652	MEDIUM	SPMP67			1.0	10	MEDIUM
636	bin_35	99.68	0.63	2376724	17	465388	613653	HIGH	SPMP53	4.0	4.0	4.0	20	HIGH
637	bin_27	99.06	0.61	2861034	37	246294	514344	HIGH	SPMP53		7.0	7.0	20	NC
639	bin_8	97.96	3.4	3510365	130	102356	446750	HIGH	SPMP53	4.0	4.0	4.0	19	HIGH
640	bin_34	96.1	1.27	2499793	32	722834	955744	HIGH	SPMP53	5.0	4.0	5.0	20	HIGH
641	bin_20	95.69	5.67	2963496	84	145417	486151	MEDIUM	SPMP53	4.0	4.0	4.0	20	MEDIUM
642	bin_12	94.71	0.19	3252113	33	341392	1108333	HIGH	SPMP53	3.0	3.0	2.0	20	HIGH
644	bin_43	92.08	0.45	2107496	15	332129	746945	HIGH	SPMP53	1.0	3.0	3.0	20	HIGH
645	bin_22	90.06	2.35	2950038	55	142446	397179	HIGH	SPMP53	4.0	5.0	5.0	20	HIGH
646	bin_19	89.66	0.21	2978198	68	114322	525616	MEDIUM	SPMP53	1.0	2.0	2.0	19	MEDIUM
647	bin_16	89.21	2.81	3072668	79	160388	307339	MEDIUM	SPMP53	2.0	4.0	4.0	20	MEDIUM
648	bin_13	88.69	1.7	3244824	58	199287	467882	MEDIUM	SPMP53	2.0	3.0	4.0	20	MEDIUM
649	bin_15	86.76	0.63	3202133	96	102891	245665	MEDIUM	SPMP53	3.0	4.0	5.0	19	MEDIUM
650	bin_39	86.24	0.07	2233257	96	40038	257650	MEDIUM	SPMP53		1.0	1.0	17	MEDIUM
651	bin_14	85.19	2.32	3220294	114	98553	338078	MEDIUM	SPMP53	4.0	4.0	4.0	20	MEDIUM
652	bin_28	85.02	1.7	2852694	78	71348	203797	MEDIUM	SPMP53		1.0	2.0	19	MEDIUM
654	bin_30	83.08	0.0	2706919	67	171394	344981	MEDIUM	SPMP53		7.0	7.0	20	MEDIUM
655	bin_21	82.75	0.0	2959831	37	238278	468122	MEDIUM	SPMP53	2.0	3.0	3.0	20	MEDIUM
656	bin_6	79.88	5.26	3556305	221	67528	213965	MEDIUM	SPMP53		2.0	2.0	19	MEDIUM
657	bin_10	78.93	0.0	3361101	122	67843	215996	MEDIUM	SPMP53	2.0	3.0	3.0	18	MEDIUM
658	bin_17	78.51	1.51	3054544	153	109326	222500	MEDIUM	SPMP53	4.0	6.0	6.0	18	MEDIUM
659	bin_2	77.41	6.26	4726086	227	44467	182541	MEDIUM	SPMP53		2.0	2.0	18	MEDIUM
660	bin_33	76.88	0.0	2501567	95	77929	267492	MEDIUM	SPMP53		4.0	3.0	19	MEDIUM
661	bin_7	73.46	3.74	3537734	166	52371	266699	MEDIUM	SPMP53	2.0	2.0	2.0	20	MEDIUM
662	bin_36	72.76	0.58	2328181	52	124334	402811	MEDIUM	SPMP53	2.0	4.0	4.0	17	MEDIUM
663	bin_38	72.55	0.0	2249702	129	32978	90628	MEDIUM	SPMP53	2.0	1.0		18	MEDIUM
664	bin_11	71.91	4.35	3312412	179	37763	103145	MEDIUM	SPMP53		1.0	1.0	19	MEDIUM
665	bin_29	70.98	1.85	2775384	215	34002	126926	MEDIUM	SPMP53	1.0	2.0	2.0	19	MEDIUM
666	bin_44	67.78	0.12	1876208	105	25097	66118	MEDIUM	SPMP53				15	MEDIUM
667	bin_5	66.9	8.99	3840024	189	54759	312238	MEDIUM	SPMP53	4.0	4.0	4.0	19	MEDIUM
668	bin_32	64.67	0.75	2635121	112	50558	208718	MEDIUM	SPMP53	1.0	3.0	2.0	19	MEDIUM
669	bin_18	62.77	3.63	3002458	131	87779	226890	MEDIUM	SPMP53	1.0	3.0	3.0	17	MEDIUM
671	bin_41	58.72	2.33	2128224	210	15528	69304	MEDIUM	SPMP53	2.0		1.0	15	MEDIUM
672	bin_9	58.22	0.61	3389916	200	29576	103320	MEDIUM	SPMP53				15	MEDIUM
673	bin_24	55.12	1.27	2916534	149	33020	106637	MEDIUM	SPMP53	2.0	2.0	3.0	18	MEDIUM
674	bin_23	53.82	1.74	2935498	157	55456	234203	MEDIUM	SPMP53	1.0	4.0	4.0	20	MEDIUM
731	bin_6	100.0	0.07	3307053	29	238230	653207	HIGH	SPMP19	2.0		1.0	20	NC
732	bin_22	100.0	0.12	1636510	33	85168	142555	HIGH	SPMP19				20	NC
733	bin_18	100.0	0.0	2243017	29	274128	563775	HIGH	SPMP19	4.0	1.0	1.0	20	HIGH
734	bin_7	99.96	0.67	3298245	171	38369	120599	HIGH	SPMP19	1.0			18	NC
735	bin_5	99.37	0.34	3339693	118	70932	183742	HIGH	SPMP19				18	NC
736	bin_2	99.37	0.0	4268731	280	46565	190516	HIGH	SPMP19			1.0	18	NC
737	bin_19	99.33	0.67	2230397	18	233703	374899	HIGH	SPMP19	1.0		1.0	20	NC
738	bin_10	99.33	2.01	2763954	113	39432	201241	HIGH	SPMP19				17	NC
739	bin_14	99.06	0.0	2648379	73	56687	255383	HIGH	SPMP19		1.0		20	NC
740	bin_11	98.63	0.0	2754600	83	59968	232058	HIGH	SPMP19	2.0			20	NC
741	bin_16	98.39	0.81	2437050	51	111684	306678	HIGH	SPMP19	2.0	1.0	1.0	20	HIGH
742	bin_20	97.99	0.34	2083594	37	145480	446047	HIGH	SPMP19	2.0		1.0	20	NC
743	bin_13	97.32	0.0	2650959	65	74015	184168	HIGH	SPMP19	3.0			19	NC
744	bin_12	96.64	0.83	2736997	119	46262	182831	HIGH	SPMP19	4.0			18	NC
745	bin_8	96.28	2.05	3243874	214	25332	117543	HIGH	SPMP19				14	NC
746	bin_3	96.0	4.14	4207540	406	15427	70292	HIGH	SPMP19	1.0			14	NC
748	bin_9	95.01	0.0	2850287	102	45963	144341	HIGH	SPMP19	3.0			19	NC
749	bin_4	93.18	0.91	3556929	211	26820	110376	HIGH	SPMP19				17	NC
750	bin_17	85.61	1.75	2363882	151	24848	87185	MEDIUM	SPMP19				17	MEDIUM
751	bin_15	85.1	1.15	2577810	174	26706	102955	MEDIUM	SPMP19				14	MEDIUM
752	bin_21	83.89	0.73	1951599	231	11273	45104	MEDIUM	SPMP19				10	MEDIUM
753	bin_25	51.72	0.0	815687	198	4798	15574	MEDIUM	SPMP19				6	MEDIUM
768	bin_38	99.91	1.61	2084481	27	222576	455630	HIGH	SPMP02	2.0	2.0	2.0	20	HIGH
769	bin_31	99.3	0.0	2513829	37	217629	469840	HIGH	SPMP02	6.0	5.0	5.0	20	HIGH
770	bin_26	99.16	0.06	2721571	31	155447	273843	HIGH	SPMP02		1.0	1.0	18	NC
771	bin_34	98.99	3.02	2327347	25	172984	604757	HIGH	SPMP02		3.0	3.0	20	NC
772	bin_12	98.92	4.11	3911291	42	214306	644982	HIGH	SPMP02		5.0	5.0	20	NC
773	bin_21	98.71	5.78	2972616	79	187427	333254	MEDIUM	SPMP02	5.0	4.0	4.0	20	MEDIUM
774	bin_10	98.6	1.41	4484742	48	316794	1368689	HIGH	SPMP02		3.0	3.0	19	NC
775	bin_11	98.29	3.16	4024734	25	769277	923401	HIGH	SPMP02	3.0	7.0	7.0	20	HIGH
776	bin_35	98.1	0.02	2231927	4	1354465	1354465	HIGH	SPMP02	3.0	3.0	3.0	20	HIGH
777	bin_7	98.1	0.19	4862970	50	475048	1032432	HIGH	SPMP02	8.0	7.0	7.0	20	HIGH
778	bin_4	98.0	1.02	5019226	69	214721	463971	HIGH	SPMP02	6.0	6.0	6.0	20	HIGH
779	bin_17	97.95	1.75	3200835	55	178697	447011	HIGH	SPMP02		3.0	3.0	20	NC
780	bin_27	97.94	4.01	2629648	22	1900691	1900691	HIGH	SPMP02	6.0	6.0	6.0	20	HIGH
781	bin_13	97.89	0.0	3765774	42	496493	765101	HIGH	SPMP02	7.0	7.0	7.0	20	HIGH
782	bin_36	97.73	0.64	2183513	7	587666	1034055	HIGH	SPMP02	6.0	5.0	6.0	20	HIGH
783	bin_8	97.66	0.89	4828524	91	93553	310383	HIGH	SPMP02	2.0	2.0	2.0	18	HIGH
784	bin_1	97.64	0.29	6505083	61	337473	814234	HIGH	SPMP02	3.0	3.0	3.0	20	HIGH
785	bin_40	97.32	0.0	2063885	10	1383590	1383590	HIGH	SPMP02	3.0	2.0	2.0	20	HIGH
786	bin_39	97.27	1.01	2070390	1	2070390	2070390	HIGH	SPMP02	2.0	2.0	2.0	20	HIGH
787	bin_3	97.24	2.05	5294640	135	134905	545696	HIGH	SPMP02	4.0	5.0	4.0	20	HIGH
788	bin_25	96.64	1.34	2782903	19	442618	960836	HIGH	SPMP02	7.0	7.0	7.0	20	HIGH
789	bin_6	96.39	1.87	4877076	59	168964	394048	HIGH	SPMP02	6.0	4.0	4.0	19	HIGH
790	bin_24	95.77	4.95	2822358	121	245887	572130	HIGH	SPMP02	1.0	2.0	2.0	20	HIGH
791	bin_9	95.25	2.0	4585297	51	341731	416517	HIGH	SPMP02	2.0	7.0	7.0	20	HIGH
792	bin_2	94.94	1.6	6054537	78	132217	520770	HIGH	SPMP02	2.0	2.0	2.0	20	HIGH
793	bin_20	91.37	0.97	3000212	56	248693	742393	HIGH	SPMP02		3.0	3.0	20	NC
794	bin_15	91.03	0.74	3629566	53	112317	326519	HIGH	SPMP02	1.0	1.0	1.0	19	HIGH
795	bin_19	89.29	0.69	3023263	92	59536	189617	MEDIUM	SPMP02				17	MEDIUM
796	bin_5	84.06	1.59	4886254	384	26510	104213	MEDIUM	SPMP02		1.0	1.0	17	MEDIUM
797	bin_32	83.97	7.44	2454495	136	33649	185606	MEDIUM	SPMP02	1.0	1.0	1.0	19	MEDIUM
798	bin_23	75.74	0.27	2858063	291	15762	84000	MEDIUM	SPMP02	1.0	2.0	1.0	16	MEDIUM
799	bin_37	74.14	0.0	2147571	43	76408	188239	MEDIUM	SPMP02	1.0	1.0	1.0	18	MEDIUM
800	bin_41	72.51	0.0	2018710	189	18751	89767	MEDIUM	SPMP02		1.0	1.0	18	MEDIUM
801	bin_29	69.07	1.41	2556975	130	32037	113599	MEDIUM	SPMP02				3	MEDIUM
804	bin_43	66.87	2.18	1763797	118	24939	61272	MEDIUM	SPMP02				14	MEDIUM
805	bin_42	66.69	6.85	1784173	89	35434	90832	MEDIUM	SPMP02	3.0	3.0	2.0	16	MEDIUM
807	bin_45	64.42	0.7	1570863	161	14410	61170	MEDIUM	SPMP02	1.0			7	MEDIUM
808	bin_22	63.6	0.01	2962860	134	34764	109120	MEDIUM	SPMP02	1.0	1.0	1.0	15	MEDIUM
809	bin_18	56.13	0.23	3100727	266	18097	73407	MEDIUM	SPMP02	1.0	1.0	1.0	12	MEDIUM
810	bin_44	52.24	0.19	1692386	145	17855	45099	MEDIUM	SPMP02				9	MEDIUM
811	bin_30	52.14	0.0	2520612	164	25149	58335	MEDIUM	SPMP02				17	MEDIUM
828	bin_8	100.0	4.83	3103633	196	53104	267498	HIGH	SPMP07	3.0			19	NC
829	bin_19	100.0	1.27	2379636	68	74403	188611	HIGH	SPMP07	5.0			20	NC
830	bin_15	99.42	0.03	2695040	212	24372	87080	HIGH	SPMP07				16	NC
831	bin_21	99.35	0.92	2205282	95	42482	152764	HIGH	SPMP07				20	NC
832	bin_7	99.19	2.43	3231247	433	11832	65570	HIGH	SPMP07	1.0			18	NC
833	bin_9	99.12	0.0	2974309	150	41628	170982	HIGH	SPMP07				17	NC
834	bin_5	98.73	1.58	3807052	150	43733	160556	HIGH	SPMP07				18	NC
835	bin_24	98.64	1.61	1848166	136	22246	86707	HIGH	SPMP07	1.0	1.0		18	NC
836	bin_11	98.52	1.58	2884179	245	20389	93926	HIGH	SPMP07				15	NC
837	bin_6	98.31	1.69	3576459	227	36481	174625	HIGH	SPMP07	2.0			18	NC
838	bin_3	98.09	0.83	4529602	374	19220	133178	HIGH	SPMP07	1.0			19	NC
839	bin_10	97.93	0.73	2897918	321	16099	60445	HIGH	SPMP07				16	NC
840	bin_1	97.37	2.62	5216515	402	22398	76676	HIGH	SPMP07		1.0		18	NC
841	bin_16	95.51	0.31	2626604	360	12734	119827	HIGH	SPMP07	1.0			15	NC
842	bin_17	94.37	2.67	2427953	313	11201	74840	HIGH	SPMP07	1.0			18	NC
843	bin_2	93.14	7.69	4544111	1318	4499	59450	MEDIUM	SPMP07	1.0			17	MEDIUM
845	bin_13	92.44	3.32	2752031	430	9757	43491	HIGH	SPMP07				14	NC
846	bin_27	90.91	0.0	1756052	3	1092540	1092540	HIGH	SPMP07	1.0			20	NC
847	bin_23	87.57	1.32	1881205	314	7787	30640	MEDIUM	SPMP07				16	MEDIUM
848	bin_18	86.22	1.22	2412460	334	11012	34871	MEDIUM	SPMP07				11	MEDIUM
849	bin_20	85.78	1.9	2295349	379	7489	25988	MEDIUM	SPMP07	1.0			13	MEDIUM
850	bin_25	84.9	2.41	1824845	460	4791	19162	MEDIUM	SPMP07				7	MEDIUM
851	bin_12	84.23	2.84	2868343	446	8507	37550	MEDIUM	SPMP07				14	MEDIUM
852	bin_14	82.27	3.98	2741456	678	5325	28835	MEDIUM	SPMP07				12	MEDIUM
853	bin_26	77.32	8.77	1778356	830	2287	27207	MEDIUM	SPMP07				18	MEDIUM
854	bin_29	74.54	0.95	1490865	402	4349	15430	MEDIUM	SPMP07				15	MEDIUM
855	bin_22	71.54	0.84	1938704	530	4654	43930	MEDIUM	SPMP07				5	MEDIUM
856	bin_28	68.29	4.63	1532610	827	1942	11948	MEDIUM	SPMP07				7	MEDIUM
866	bin_20	100.0	1.61	2417667	84	47837	122488	HIGH	SPMP20	2.0	1.0	1.0	20	HIGH
867	bin_9	99.36	0.97	3155677	153	62642	221497	HIGH	SPMP20				19	NC
868	bin_22	99.33	1.23	2338213	98	37597	147037	HIGH	SPMP20	2.0			20	NC
869	bin_13	98.91	0.0	2757484	145	35306	131327	HIGH	SPMP20				16	NC
870	bin_10	98.73	5.18	3021146	105	62774	208012	MEDIUM	SPMP20				14	MEDIUM
871	bin_12	98.66	0.0	2846395	136	38596	140946	HIGH	SPMP20				18	NC
872	bin_5	98.31	0.63	3411528	124	75119	253727	HIGH	SPMP20				18	NC
873	bin_6	96.79	1.12	3374204	96	52162	191777	HIGH	SPMP20	1.0			19	NC
874	bin_15	96.64	0.67	2719217	94	52963	182938	HIGH	SPMP20	3.0			19	NC
875	bin_11	96.64	2.59	2994046	153	40123	143074	HIGH	SPMP20				15	NC
876	bin_17	95.21	0.0	2542040	76	50838	195474	HIGH	SPMP20	1.0			16	NC
877	bin_28	95.1	1.78	2043420	94	37759	113341	HIGH	SPMP20	2.0			20	NC
878	bin_26	94.71	0.0	2143383	145	25276	114717	HIGH	SPMP20	1.0			18	NC
879	bin_21	94.49	0.44	2401468	102	46004	132934	HIGH	SPMP20				20	NC
880	bin_7	93.47	2.15	3241284	282	18720	100867	HIGH	SPMP20				14	NC
881	bin_34	91.94	1.08	1609376	169	13145	41837	HIGH	SPMP20				11	NC
882	bin_19	91.8	3.8	2436952	230	15964	41866	HIGH	SPMP20				11	NC
883	bin_8	89.08	1.27	3168131	340	12872	40736	MEDIUM	SPMP20				13	MEDIUM
884	bin_14	88.44	1.59	2747966	203	23360	61263	MEDIUM	SPMP20				17	MEDIUM
885	bin_31	88.4	1.58	1869986	283	7754	44939	MEDIUM	SPMP20		1.0	1.0	14	MEDIUM
886	bin_2	87.64	1.87	3850991	103	74364	234939	MEDIUM	SPMP20	1.0			18	MEDIUM
887	bin_4	84.16	2.71	3513831	568	9274	42407	MEDIUM	SPMP20				14	MEDIUM
888	bin_35	83.45	1.34	1514259	238	7484	25511	MEDIUM	SPMP20				6	MEDIUM
889	bin_16	81.68	1.27	2651228	223	20499	88488	MEDIUM	SPMP20				7	MEDIUM
890	bin_24	81.19	2.14	2282305	109	39323	144731	MEDIUM	SPMP20	3.0			19	MEDIUM
891	bin_30	79.9	2.72	2019202	169	16686	88062	MEDIUM	SPMP20	1.0			17	MEDIUM
892	bin_37	77.29	0.0	1368889	166	11524	29825	MEDIUM	SPMP20				14	MEDIUM
893	bin_23	70.18	0.0	2286841	219	14458	44276	MEDIUM	SPMP20				12	MEDIUM
894	bin_18	63.08	0.0	2474135	474	5613	32092	MEDIUM	SPMP20				9	MEDIUM
895	bin_3	53.62	0.0	3528513	586	7125	54603	MEDIUM	SPMP20				7	MEDIUM
933	bin_18	99.39	0.0	2273732	4	1358411	1358411	HIGH	SPMP58		2.0	2.0	20	NC
934	bin_15	99.05	0.0	2803416	15	869758	904168	HIGH	SPMP58		5.0	5.0	20	NC
935	bin_10	98.15	2.68	3341719	15	2299748	2299748	HIGH	SPMP58	6.0	6.0	6.0	20	HIGH
936	bin_20	98.02	0.63	2192412	13	481292	717610	HIGH	SPMP58	4.0	3.0	4.0	20	HIGH
937	bin_1	97.53	3.61	6107250	277	234685	629786	HIGH	SPMP58	4.0	6.0	6.0	20	HIGH
938	bin_11	96.02	0.63	3334698	14	940323	1057192	HIGH	SPMP58	4.0	4.0	4.0	15	NC
939	bin_3	93.37	2.07	5235123	81	130070	527734	HIGH	SPMP58	1.0	2.0	2.0	20	HIGH
940	bin_14	92.46	0.0	2900215	59	89520	545440	HIGH	SPMP58	2.0	3.0	3.0	20	HIGH
941	bin_7	89.49	6.13	3795290	38	350065	971586	MEDIUM	SPMP58	5.0	5.0	5.0	20	MEDIUM
942	bin_13	86.01	0.58	2959956	27	354870	857616	MEDIUM	SPMP58	2.0	3.0	3.0	19	MEDIUM
943	bin_21	79.26	0.65	2138234	59	54987	113500	MEDIUM	SPMP58	2.0	1.0	1.0	18	MEDIUM
944	bin_2	77.12	0.0	5904555	114	126272	462775	MEDIUM	SPMP58				17	MEDIUM
945	bin_19	73.02	0.78	2233419	55	115463	174199	MEDIUM	SPMP58		1.0	1.0	19	MEDIUM
946	bin_8	71.73	0.09	3742185	102	123783	446874	MEDIUM	SPMP58		2.0	2.0	18	MEDIUM
947	bin_12	71.57	0.0	3178447	56	123413	367608	MEDIUM	SPMP58		1.0	2.0	19	MEDIUM
948	bin_5	70.54	9.11	4495846	387	17970	81399	MEDIUM	SPMP58				16	MEDIUM
949	bin_4	60.47	0.0	5079191	425	19856	85142	MEDIUM	SPMP58				15	MEDIUM
950	bin_6	59.04	0.8	4055759	56	96213	251103	MEDIUM	SPMP58	1.0	1.0	1.0	17	MEDIUM
951	bin_9	56.29	0.63	3732493	322	22722	161673	MEDIUM	SPMP58	1.0	2.0	2.0	19	MEDIUM
952	bin_17	52.52	0.0	2623899	101	45754	194121	MEDIUM	SPMP58	2.0	4.0	2.0	16	MEDIUM
977	bin_8	99.52	0.48	3264227	140	63043	236439	HIGH	SPMP84				19	NC
978	bin_20	99.42	0.0	2631574	86	67016	128953	HIGH	SPMP84				18	NC
979	bin_5	99.37	4.0	3410017	241	30621	151190	HIGH	SPMP84				17	NC
980	bin_13	99.37	1.27	3103732	148	38661	94973	HIGH	SPMP84	1.0			17	NC
981	bin_23	99.33	0.67	2313741	89	54548	368802	HIGH	SPMP84	1.0			19	NC
982	bin_11	99.33	2.68	3134959	164	55659	136133	HIGH	SPMP84				18	NC
983	bin_16	99.32	2.4	2819324	78	137847	323414	HIGH	SPMP84	6.0			19	NC
984	bin_18	99.06	0.94	2716238	139	41318	114624	HIGH	SPMP84		1.0	1.0	19	NC
985	bin_21	98.72	1.44	2548052	50	146387	365108	HIGH	SPMP84	1.0	1.0	1.0	20	HIGH
986	bin_17	98.66	0.0	2798064	32	170499	271917	HIGH	SPMP84				19	NC
987	bin_14	98.63	0.0	2972333	111	82897	207054	HIGH	SPMP84	2.0			18	NC
988	bin_12	98.31	0.16	3116838	179	37976	114862	HIGH	SPMP84	1.0			16	NC
989	bin_25	97.99	0.34	2198445	59	127431	210999	HIGH	SPMP84	2.0			19	NC
990	bin_6	97.67	0.59	3397360	239	31987	131651	HIGH	SPMP84				14	NC
991	bin_4	96.84	0.95	3695047	207	35742	109750	HIGH	SPMP84				17	NC
992	bin_7	96.6	1.02	3325595	287	20615	88376	HIGH	SPMP84	2.0			17	NC
993	bin_27	96.41	0.9	1971553	144	22247	74323	HIGH	SPMP84	1.0			19	NC
994	bin_3	95.75	8.92	3769569	758	7555	39091	MEDIUM	SPMP84				16	MEDIUM
995	bin_31	92.7	4.49	1295821	28	98780	208749	HIGH	SPMP84		1.0	1.0	20	NC
996	bin_29	86.71	2.42	1691227	229	9558	32257	MEDIUM	SPMP84				16	MEDIUM
997	bin_1	83.17	7.81	4702510	1303	4804	55977	MEDIUM	SPMP84				15	MEDIUM
998	bin_2	82.66	3.11	4137282	595	8947	50448	MEDIUM	SPMP84				17	MEDIUM
999	bin_15	81.34	1.73	2877282	339	11482	65747	MEDIUM	SPMP84	1.0			15	MEDIUM
1000	bin_28	81.17	2.01	1794948	259	8928	26035	MEDIUM	SPMP84				13	MEDIUM
1001	bin_10	81.17	0.53	3151331	620	7058	37386	MEDIUM	SPMP84				10	MEDIUM
1002	bin_19	79.97	1.36	2698907	581	5899	29395	MEDIUM	SPMP84				11	MEDIUM
1003	bin_26	79.53	0.0	2075380	267	10486	143354	MEDIUM	SPMP84	2.0			12	MEDIUM
1005	bin_30	65.53	0.57	1473310	214	8567	26407	MEDIUM	SPMP84				12	MEDIUM
1006	bin_34	65.21	0.0	1221305	215	7136	24032	MEDIUM	SPMP84				6	MEDIUM
1007	bin_24	63.67	3.51	2219318	537	5554	23964	MEDIUM	SPMP84				9	MEDIUM
1008	bin_22	59.98	1.83	2396973	324	11961	40930	MEDIUM	SPMP84	2.0			15	MEDIUM
1009	bin_33	53.78	0.77	1256844	258	5746	24288	MEDIUM	SPMP84	3.0	1.0	1.0	13	MEDIUM
1040	bin_2	99.75	2.77	5619472	78	233571	558429	HIGH	SPMP13	7.0	7.0	7.0	20	HIGH
1041	bin_27	99.11	2.01	3029395	42	202611	673948	HIGH	SPMP13	6.0	7.0	7.0	20	HIGH
1042	bin_13	99.05	2.43	3785029	80	161105	514509	HIGH	SPMP13	4.0	8.0	7.0	20	HIGH
1043	bin_41	98.96	1.15	2486056	12	796646	841324	HIGH	SPMP13		4.0	4.0	20	NC
1044	bin_52	98.77	0.68	2245320	11	2141236	2141236	HIGH	SPMP13	5.0	4.0	4.0	20	HIGH
1045	bin_18	98.54	2.44	3175826	78	138840	419832	HIGH	SPMP13	2.0	2.0	2.0	17	NC
1046	bin_21	98.49	0.67	3129835	51	236156	381385	HIGH	SPMP13	3.0	2.0	2.0	20	HIGH
1047	bin_7	98.42	6.22	4387423	234	117914	356844	MEDIUM	SPMP13	5.0	6.0	6.0	20	MEDIUM
1048	bin_14	98.39	0.67	3679061	99	65463	251717	HIGH	SPMP13	2.0	2.0	2.0	20	HIGH
1049	bin_35	98.38	1.2	2684649	46	181496	397647	HIGH	SPMP13	1.0	1.0	1.0	19	HIGH
1050	bin_3	98.3	0.93	5332858	54	333116	981591	HIGH	SPMP13	4.0	4.0	5.0	20	HIGH
1051	bin_6	98.28	4.7	4391800	98	130231	600545	HIGH	SPMP13	1.0	2.0	2.0	20	HIGH
1052	bin_57	98.15	0.67	2136003	20	547317	694440	HIGH	SPMP13	3.0	2.0	2.0	20	HIGH
1053	bin_66	98.0	0.0	1819704	5	1782837	1782837	HIGH	SPMP13		2.0	2.0	18	NC
1054	bin_34	97.93	4.03	2739190	45	185523	421851	HIGH	SPMP13	2.0	2.0	2.0	20	HIGH
1055	bin_38	97.85	0.0	2609921	43	203148	661934	HIGH	SPMP13	1.0	1.0	1.0	19	HIGH
1056	bin_23	97.8	3.74	3110940	81	95918	300690	HIGH	SPMP13	3.0	3.0	3.0	19	HIGH
1057	bin_29	97.15	0.0	2968477	40	157797	491503	HIGH	SPMP13		2.0	2.0	20	NC
1058	bin_42	97.1	8.06	2448986	19	201410	435989	MEDIUM	SPMP13	4.0	3.0	4.0	20	MEDIUM
1059	bin_55	96.77	0.0	2169386	43	140241	405375	HIGH	SPMP13		1.0	1.0	20	NC
1060	bin_26	96.58	0.0	3035620	28	428174	504522	HIGH	SPMP13	4.0	4.0	4.0	20	HIGH
1061	bin_25	96.35	0.58	3064077	77	137043	297494	HIGH	SPMP13		4.0	3.0	18	NC
1062	bin_32	96.0	0.0	2872216	41	232924	913991	HIGH	SPMP13	1.0	1.0	1.0	15	NC
1063	bin_39	95.87	0.0	2518593	33	182497	628852	HIGH	SPMP13	3.0	1.0	1.0	20	HIGH
1064	bin_17	95.76	0.0	3250988	101	168715	525498	HIGH	SPMP13	4.0	4.0	4.0	20	HIGH
1065	bin_22	95.5	1.36	3110971	120	81847	321007	HIGH	SPMP13	2.0	2.0	2.0	19	HIGH
1066	bin_51	95.33	0.73	2260685	54	114871	325332	HIGH	SPMP13		2.0	2.0	20	NC
1067	bin_33	95.01	1.44	2791714	53	120559	862963	HIGH	SPMP13	2.0	2.0	2.0	19	HIGH
1068	bin_20	94.56	1.52	3151197	61	195294	562693	HIGH	SPMP13	5.0	4.0	4.0	20	HIGH
1069	bin_40	94.3	0.67	2495066	35	181846	579676	HIGH	SPMP13	3.0	3.0	3.0	20	HIGH
1070	bin_47	94.22	0.0	2336194	115	49432	145096	HIGH	SPMP13				19	NC
1071	bin_28	94.18	2.01	2984306	125	56153	263868	HIGH	SPMP13	1.0	1.0	1.0	20	HIGH
1072	bin_12	93.95	1.01	3845098	91	104199	234943	HIGH	SPMP13	2.0	2.0	2.0	20	HIGH
1073	bin_11	93.29	1.68	3917568	123	86266	370405	HIGH	SPMP13	2.0			18	NC
1074	bin_50	93.27	1.34	2296346	51	168954	435979	HIGH	SPMP13	2.0	1.0	1.0	20	HIGH
1075	bin_15	90.8	2.74	3600024	79	116726	279080	HIGH	SPMP13	1.0	4.0	4.0	19	HIGH
1076	bin_5	90.43	1.24	4823410	150	71026	256316	HIGH	SPMP13	3.0	5.0	4.0	20	HIGH
1077	bin_46	89.31	0.0	2379946	34	177638	376686	MEDIUM	SPMP13	1.0			20	MEDIUM
1078	bin_1	89.1	4.31	8031851	139	114916	367378	MEDIUM	SPMP13		2.0	2.0	19	MEDIUM
1079	bin_24	88.7	0.3	3094869	76	112614	295604	MEDIUM	SPMP13	1.0	4.0	4.0	19	MEDIUM
1080	bin_36	87.22	7.21	2665907	92	56568	171102	MEDIUM	SPMP13	3.0	3.0	3.0	20	MEDIUM
1081	bin_60	87.06	0.93	2058789	89	40060	232940	MEDIUM	SPMP13		1.0		18	MEDIUM
1082	bin_58	86.68	1.34	2078779	104	48064	166754	MEDIUM	SPMP13		1.0		17	MEDIUM
1083	bin_54	85.58	1.75	2196416	125	32417	171767	MEDIUM	SPMP13			1.0	15	MEDIUM
1084	bin_37	83.65	0.0	2624872	129	37908	116362	MEDIUM	SPMP13	1.0	1.0	1.0	16	MEDIUM
1085	bin_16	81.27	1.72	3333965	121	51842	199133	MEDIUM	SPMP13	2.0	1.0	1.0	15	MEDIUM
1086	bin_4	80.8	9.87	4924048	331	42387	239268	MEDIUM	SPMP13	2.0	4.0	4.0	18	MEDIUM
1087	bin_48	77.69	1.34	2333940	136	38009	184165	MEDIUM	SPMP13				19	MEDIUM
1088	bin_49	74.96	0.0	2300916	63	70974	213642	MEDIUM	SPMP13		2.0	2.0	20	MEDIUM
1089	bin_63	74.17	0.95	1944394	98	40703	118319	MEDIUM	SPMP13	1.0			18	MEDIUM
1090	bin_8	73.28	1.72	4101582	161	38051	104044	MEDIUM	SPMP13	1.0	2.0	2.0	19	MEDIUM
1091	bin_31	72.03	1.79	2874668	106	53993	122114	MEDIUM	SPMP13		1.0	1.0	17	MEDIUM
1092	bin_70	70.6	0.38	1544247	74	30939	96603	MEDIUM	SPMP13				18	MEDIUM
1093	bin_53	70.03	1.48	2223428	109	43203	114667	MEDIUM	SPMP13		2.0	2.0	15	MEDIUM
1095	bin_65	67.07	1.45	1846518	140	22753	76606	MEDIUM	SPMP13				16	MEDIUM
1097	bin_45	65.49	1.89	2434138	156	32358	77389	MEDIUM	SPMP13	1.0	2.0	1.0	18	MEDIUM
1098	bin_62	63.02	1.1	2021265	106	41673	129209	MEDIUM	SPMP13		1.0	1.0	11	MEDIUM
1099	bin_68	62.26	0.04	1753722	108	28016	78229	MEDIUM	SPMP13				7	MEDIUM
1100	bin_43	58.4	0.0	2448694	181	21807	71894	MEDIUM	SPMP13				17	MEDIUM
1102	bin_44	57.23	1.58	2443810	151	32525	140269	MEDIUM	SPMP13	1.0	1.0	1.0	16	MEDIUM
1103	bin_56	54.45	1.27	2165338	130	28056	86556	MEDIUM	SPMP13		1.0	1.0	10	MEDIUM
1104	bin_19	53.45	0.0	3165030	191	24914	76853	MEDIUM	SPMP13				12	MEDIUM
1151	bin_37	99.19	0.81	2348702	22	217330	1031701	HIGH	SPMP60	4.0	5.0	5.0	20	HIGH
1152	bin_38	98.64	1.01	2300430	12	433804	946562	HIGH	SPMP60	4.0	4.0	4.0	20	HIGH
1153	bin_7	98.62	1.33	4443019	66	347089	483702	HIGH	SPMP60	2.0	4.0	4.0	20	HIGH
1154	bin_1	97.89	4.89	5400129	111	241347	742841	HIGH	SPMP60	2.0	5.0	5.0	20	HIGH
1155	bin_45	96.88	1.07	1915212	16	463435	514942	HIGH	SPMP60	6.0	7.0	7.0	20	HIGH
1156	bin_6	96.83	4.97	4509381	187	257694	656661	HIGH	SPMP60	2.0	4.0	4.0	20	HIGH
1157	bin_43	96.75	0.0	2115039	1	2115039	2115039	HIGH	SPMP60	5.0	4.0	4.0	20	HIGH
1158	bin_8	96.61	4.75	4196232	71	325100	1018715	HIGH	SPMP60	3.0	4.0	3.0	19	HIGH
1159	bin_23	96.5	1.25	3121964	35	238390	494278	HIGH	SPMP60	6.0	6.0	6.0	20	HIGH
1160	bin_15	95.64	2.6	3658378	37	244754	527538	HIGH	SPMP60	6.0	7.0	7.0	20	HIGH
1161	bin_9	95.42	1.16	3989502	59	190698	765384	HIGH	SPMP60	4.0	5.0	4.0	19	HIGH
1162	bin_16	95.15	1.9	3590770	44	250971	979304	HIGH	SPMP60	5.0	5.0	5.0	20	HIGH
1163	bin_40	94.99	0.68	2249269	2	1380608	1380608	HIGH	SPMP60	3.0	4.0	4.0	20	HIGH
1164	bin_17	93.71	2.48	3547797	59	167553	392196	HIGH	SPMP60		3.0	3.0	19	NC
1165	bin_46	92.62	0.0	1851300	13	292242	555669	HIGH	SPMP60	1.0			19	NC
1166	bin_10	92.5	1.3	3965938	68	134593	580888	HIGH	SPMP60		1.0	1.0	19	NC
1167	bin_19	92.18	0.0	3399256	49	242913	372899	HIGH	SPMP60	3.0	3.0	3.0	20	HIGH
1168	bin_4	92.11	0.38	4829872	73	128617	487861	HIGH	SPMP60	2.0	4.0	4.0	20	HIGH
1169	bin_11	90.82	0.95	3825394	46	272701	521056	HIGH	SPMP60		5.0	5.0	20	NC
1170	bin_25	90.3	1.2	3041425	51	308918	563867	HIGH	SPMP60	2.0	2.0	2.0	20	HIGH
1171	bin_3	90.25	2.85	4855000	198	120251	281894	HIGH	SPMP60	3.0	6.0	6.0	20	HIGH
1172	bin_14	89.06	4.03	3690908	145	123130	569139	MEDIUM	SPMP60	3.0	4.0	4.0	20	MEDIUM
1173	bin_27	88.77	2.68	2945330	43	327829	736657	MEDIUM	SPMP60	6.0	8.0	8.0	20	MEDIUM
1174	bin_31	88.7	0.0	2623373	23	679675	1305084	MEDIUM	SPMP60		2.0	2.0	14	MEDIUM
1175	bin_20	88.26	0.21	3376205	42	196646	359536	MEDIUM	SPMP60	5.0	5.0	6.0	20	MEDIUM
1176	bin_30	87.61	0.06	2802857	47	276064	546004	MEDIUM	SPMP60	3.0	2.0	2.0	20	MEDIUM
1177	bin_28	87.01	0.0	2919814	49	198114	622154	MEDIUM	SPMP60		7.0	7.0	19	MEDIUM
1178	bin_5	86.97	3.16	4673943	105	151809	374011	MEDIUM	SPMP60	1.0	2.0	2.0	19	MEDIUM
1179	bin_33	86.83	1.44	2575980	60	96406	411022	MEDIUM	SPMP60	1.0	1.0	1.0	17	MEDIUM
1180	bin_12	86.79	0.21	3747429	113	147764	318385	MEDIUM	SPMP60	3.0	5.0	5.0	19	MEDIUM
1181	bin_21	82.7	2.21	3335713	141	60357	205408	MEDIUM	SPMP60	4.0	4.0	4.0	20	MEDIUM
1182	bin_2	80.24	0.79	5008002	240	66102	204268	MEDIUM	SPMP60	4.0	3.0	3.0	18	MEDIUM
1183	bin_36	77.15	8.54	2366847	120	60070	137111	MEDIUM	SPMP60	2.0	3.0	3.0	16	MEDIUM
1184	bin_22	76.39	1.01	3235074	84	113125	293331	MEDIUM	SPMP60	2.0	2.0	1.0	19	MEDIUM
1185	bin_34	74.88	0.0	2559990	26	383325	515507	MEDIUM	SPMP60	2.0	2.0	2.0	19	MEDIUM
1186	bin_32	72.06	0.73	2590127	187	27410	79422	MEDIUM	SPMP60				18	MEDIUM
1187	bin_24	71.75	0.74	3101860	79	60916	181916	MEDIUM	SPMP60		2.0	2.0	17	MEDIUM
1188	bin_41	68.46	0.34	2138797	100	36540	127867	MEDIUM	SPMP60	1.0	3.0	3.0	17	MEDIUM
1189	bin_52	66.67	0.0	1092400	4	283903	324875	MEDIUM	SPMP60				5	MEDIUM
1190	bin_18	64.9	0.0	3413586	294	27588	172484	MEDIUM	SPMP60	1.0	4.0	4.0	17	MEDIUM
1191	bin_13	58.87	0.0	3703692	162	43869	130007	MEDIUM	SPMP60	1.0	2.0	2.0	17	MEDIUM
1222	bin_22	99.54	3.36	2538479	49	648311	909260	HIGH	SPMP50		1.0	1.0	20	NC
1223	bin_12	99.32	5.44	3251869	57	154486	369117	MEDIUM	SPMP50	5.0	4.0	5.0	20	MEDIUM
1225	bin_5	98.73	0.95	3677888	49	539841	691598	HIGH	SPMP50	1.0	4.0	4.0	18	HIGH
1226	bin_17	98.73	0.0	2906131	21	429480	565137	HIGH	SPMP50		3.0	3.0	20	NC
1227	bin_8	96.92	0.0	3507762	15	940623	1127390	HIGH	SPMP50	5.0	5.0	5.0	20	HIGH
1228	bin_9	96.69	1.66	3353679	28	906270	1206738	HIGH	SPMP50		3.0	3.0	20	NC
1229	bin_2	96.43	1.85	4109556	73	119916	496843	HIGH	SPMP50	2.0	2.0	2.0	19	HIGH
1230	bin_26	96.42	1.56	2307468	35	578045	1050538	HIGH	SPMP50	2.0	2.0	2.0	20	HIGH
1231	bin_27	96.15	1.06	2255372	43	178400	290623	HIGH	SPMP50	3.0	2.0	1.0	18	HIGH
1232	bin_10	95.23	0.0	3349937	10	700727	1247438	HIGH	SPMP50	3.0	3.0	3.0	18	HIGH
1233	bin_31	94.49	2.16	1992635	36	1521664	1521664	HIGH	SPMP50	1.0	3.0	3.0	19	HIGH
1234	bin_15	92.21	0.63	3072477	46	155488	393227	HIGH	SPMP50	1.0	2.0	2.0	19	HIGH
1235	bin_7	91.69	0.0	3534502	28	380053	1089161	HIGH	SPMP50	1.0	2.0	2.0	20	HIGH
1237	bin_29	88.47	1.34	2081433	33	225216	337799	MEDIUM	SPMP50	5.0	5.0	5.0	20	MEDIUM
1238	bin_16	83.84	0.21	2930806	57	131989	262499	MEDIUM	SPMP50		1.0	1.0	17	MEDIUM
1239	bin_18	83.54	0.63	2822502	35	303040	389444	MEDIUM	SPMP50		4.0	4.0	20	MEDIUM
1240	bin_28	79.81	0.0	2146671	82	46425	138335	MEDIUM	SPMP50	2.0	1.0	1.0	20	MEDIUM
1241	bin_24	76.67	0.0	2372113	107	44120	185040	MEDIUM	SPMP50				19	MEDIUM
1242	bin_30	76.6	0.0	1997562	48	116228	195729	MEDIUM	SPMP50	2.0	3.0	3.0	19	MEDIUM
1243	bin_19	75.72	1.07	2651297	102	45072	136252	MEDIUM	SPMP50				17	MEDIUM
1244	bin_4	75.2	7.96	3802933	149	90399	397099	MEDIUM	SPMP50	2.0	4.0	4.0	16	MEDIUM
1245	bin_11	71.76	0.09	3322937	148	56176	153831	MEDIUM	SPMP50		1.0	3.0	19	MEDIUM
1246	bin_35	66.45	0.96	1865398	20	145815	304577	MEDIUM	SPMP50	1.0	1.0	1.0	14	MEDIUM
1247	bin_6	61.82	0.32	3614995	163	38496	138860	MEDIUM	SPMP50		1.0	1.0	14	MEDIUM
1248	bin_33	60.79	0.38	1951153	113	30122	118639	MEDIUM	SPMP50				13	MEDIUM
1249	bin_32	58.62	0.0	1971591	5	426487	691580	MEDIUM	SPMP50				12	MEDIUM
1250	bin_23	56.17	0.42	2529147	23	120659	276255	MEDIUM	SPMP50	2.0	1.0	1.0	19	MEDIUM
1251	bin_38	54.87	0.0	1544944	5	279485	387279	MEDIUM	SPMP50	1.0	4.0	4.0	15	MEDIUM
1288	bin_47	100.0	0.0	1808009	144	21583	101220	HIGH	SPMP18		1.0	1.0	18	NC
1289	bin_41	100.0	0.9	2160701	69	56740	137406	HIGH	SPMP18	2.0		1.0	19	NC
1290	bin_33	99.52	0.96	2383499	77	64168	183544	HIGH	SPMP18	1.0			19	NC
1291	bin_11	99.37	4.27	3331427	216	57001	163767	HIGH	SPMP18				16	NC
1292	bin_40	99.33	1.01	2186643	97	42387	96001	HIGH	SPMP18	2.0			20	NC
1293	bin_36	99.33	0.34	2242726	79	44574	206946	HIGH	SPMP18	2.0			20	NC
1294	bin_21	99.33	0.34	2760743	28	386607	574437	HIGH	SPMP18				18	NC
1295	bin_9	99.17	2.48	3429944	210	73150	191896	HIGH	SPMP18				17	NC
1296	bin_22	98.75	2.17	2733920	130	35787	138248	HIGH	SPMP18				17	NC
1297	bin_38	98.66	0.0	2204404	124	39622	122146	HIGH	SPMP18	1.0			19	NC
1298	bin_18	98.66	0.67	2891626	112	50130	125119	HIGH	SPMP18	1.0			18	NC
1299	bin_5	98.63	3.21	3757855	138	61494	205521	HIGH	SPMP18	3.0			18	NC
1300	bin_1	98.47	6.56	5236959	829	9235	53345	MEDIUM	SPMP18	1.0			18	MEDIUM
1301	bin_12	98.45	1.69	3298205	225	71926	213140	HIGH	SPMP18				19	NC
1302	bin_7	98.31	7.09	3655894	593	9251	46846	MEDIUM	SPMP18				17	MEDIUM
1303	bin_14	98.3	1.37	3197772	255	25479	68172	HIGH	SPMP18				16	NC
1304	bin_31	98.28	2.14	2400916	143	39698	170502	HIGH	SPMP18				16	NC
1305	bin_6	98.16	3.6	3685600	284	31474	91449	HIGH	SPMP18	1.0			15	NC
1306	bin_34	98.11	0.0	2379397	167	24072	67924	HIGH	SPMP18		1.0	1.0	20	NC
1307	bin_20	97.99	0.0	2848544	298	17164	77301	HIGH	SPMP18	2.0			18	NC
1308	bin_16	97.99	0.0	3130205	172	47593	214980	HIGH	SPMP18	2.0			20	NC
1309	bin_29	97.84	3.27	2511643	239	19433	71399	HIGH	SPMP18	6.0	1.0	1.0	19	HIGH
1310	bin_19	97.41	0.95	2853324	254	20864	67973	HIGH	SPMP18				15	NC
1311	bin_25	97.32	0.42	2637630	240	16454	52368	HIGH	SPMP18				14	NC
1312	bin_4	97.19	1.33	3907460	184	35774	137918	HIGH	SPMP18	1.0			16	NC
1313	bin_3	97.01	9.24	4392577	993	7112	94606	MEDIUM	SPMP18				16	MEDIUM
1314	bin_10	96.6	0.68	3393279	226	38033	109216	HIGH	SPMP18				18	NC
1315	bin_2	96.11	0.49	4470953	365	20516	63054	HIGH	SPMP18	1.0			18	NC
1316	bin_37	96.06	1.98	2241609	394	7924	49028	HIGH	SPMP18				13	NC
1317	bin_17	95.5	5.14	3033748	595	7798	44628	MEDIUM	SPMP18				12	MEDIUM
1318	bin_27	94.93	1.53	2580479	505	7218	36393	HIGH	SPMP18	1.0	1.0	1.0	18	HIGH
1319	bin_44	94.53	2.17	1914256	141	36022	119487	HIGH	SPMP18	2.0	1.0	1.0	20	HIGH
1320	bin_8	93.73	2.69	3654953	379	17041	62955	HIGH	SPMP18				15	NC
1321	bin_35	93.29	0.0	2332146	58	157362	299592	HIGH	SPMP18	2.0			19	NC
1323	bin_26	89.81	1.74	2602863	318	12423	55364	MEDIUM	SPMP18				12	MEDIUM
1324	bin_23	87.76	3.16	2679101	371	8826	35461	MEDIUM	SPMP18				13	MEDIUM
1325	bin_24	87.37	3.81	2654621	667	5443	24938	MEDIUM	SPMP18				14	MEDIUM
1327	bin_49	84.08	2.01	1744679	145	15575	67362	MEDIUM	SPMP18				12	MEDIUM
1328	bin_43	83.96	1.03	1926314	261	10080	55304	MEDIUM	SPMP18	1.0			14	MEDIUM
1329	bin_13	83.46	2.46	3230204	338	15422	47627	MEDIUM	SPMP18				13	MEDIUM
1330	bin_28	77.91	3.4	2540767	635	5328	30386	MEDIUM	SPMP18	1.0			15	MEDIUM
1331	bin_50	75.7	2.37	1557426	373	5132	15986	MEDIUM	SPMP18				13	MEDIUM
1332	bin_48	73.85	1.07	1768702	734	2736	14383	MEDIUM	SPMP18	1.0			11	MEDIUM
1333	bin_42	71.45	2.91	1957957	303	7870	21243	MEDIUM	SPMP18	1.0			8	MEDIUM
1334	bin_46	68.74	1.96	1809784	325	6087	26857	MEDIUM	SPMP18				11	MEDIUM
1335	bin_56	63.33	3.55	1150127	212	6043	20128	MEDIUM	SPMP18	1.0			10	MEDIUM
1336	bin_39	62.2	5.36	2192593	360	7995	32762	MEDIUM	SPMP18				15	MEDIUM
1337	bin_45	57.31	2.63	1880952	591	3915	16115	MEDIUM	SPMP18				8	MEDIUM
1338	bin_57	54.69	2.9	1067621	257	4892	19283	MEDIUM	SPMP18				11	MEDIUM
1339	bin_54	53.25	1.61	1236932	322	4411	46855	MEDIUM	SPMP18				10	MEDIUM
1340	bin_52	50.0	1.72	1505069	268	6139	23996	MEDIUM	SPMP18	1.0			10	MEDIUM
1383	bin_33	99.08	0.0	2272388	11	542578	641403	HIGH	SPMP73		1.0	1.0	20	NC
1384	bin_27	98.94	3.36	2570637	30	327829	389618	HIGH	SPMP73	2.0	2.0	2.0	20	HIGH
1385	bin_17	98.25	0.0	2996972	41	629121	686939	HIGH	SPMP73	3.0	3.0	3.0	19	HIGH
1386	bin_34	98.2	0.0	2258184	12	489092	825653	HIGH	SPMP73				19	NC
1387	bin_23	98.15	0.58	2868865	44	177311	284742	HIGH	SPMP73	5.0	5.0	5.0	20	HIGH
1389	bin_11	98.02	2.42	3362933	60	128888	536553	HIGH	SPMP73		3.0	3.0	19	NC
1390	bin_2	98.0	6.54	4248436	59	318218	560952	MEDIUM	SPMP73	5.0	5.0	5.0	20	MEDIUM
1391	bin_26	97.9	0.0	2634546	56	141826	374853	HIGH	SPMP73	2.0	2.0	2.0	20	HIGH
1392	bin_35	97.89	0.52	2218549	26	152808	400065	HIGH	SPMP73	6.0	5.0	5.0	20	HIGH
1393	bin_18	97.47	8.68	2978537	104	270888	569798	MEDIUM	SPMP73		2.0	2.0	20	MEDIUM
1394	bin_28	97.42	0.0	2423586	14	620516	1063187	HIGH	SPMP73	2.0	2.0	2.0	20	HIGH
1395	bin_10	97.28	1.36	3366385	44	288677	646371	HIGH	SPMP73	3.0	2.0	3.0	20	HIGH
1396	bin_7	97.11	5.17	3624911	58	205353	346748	MEDIUM	SPMP73		2.0	2.0	20	MEDIUM
1397	bin_5	97.08	3.23	3809402	95	82846	457142	HIGH	SPMP73	1.0	3.0	3.0	17	NC
1398	bin_32	97.07	0.02	2275300	22	238911	392295	HIGH	SPMP73	2.0	2.0	2.0	20	HIGH
1399	bin_3	97.06	1.86	4118634	66	273505	854416	HIGH	SPMP73		3.0	3.0	20	NC
1400	bin_4	97.01	1.9	3935995	191	98896	336347	HIGH	SPMP73	3.0	3.0	3.0	20	HIGH
1401	bin_22	96.98	1.81	2927993	85	76597	201433	HIGH	SPMP73	3.0	2.0	2.0	20	HIGH
1402	bin_6	96.84	2.85	3768474	100	65057	235402	HIGH	SPMP73		2.0	2.0	19	NC
1403	bin_8	96.64	0.67	3407006	24	459198	861672	HIGH	SPMP73	8.0	8.0	8.0	20	HIGH
1404	bin_12	94.44	2.05	3325258	68	122497	384010	HIGH	SPMP73			1.0	20	NC
1405	bin_20	94.36	0.63	2959919	73	129905	307209	HIGH	SPMP73		2.0	2.0	20	NC
1406	bin_31	91.94	1.48	2308392	74	89934	284037	HIGH	SPMP73	3.0	3.0	3.0	20	HIGH
1407	bin_21	91.78	1.33	2939040	103	54082	212336	HIGH	SPMP73	4.0	3.0	3.0	20	HIGH
1408	bin_16	90.49	3.69	3027712	146	52001	105942	HIGH	SPMP73	2.0	2.0	2.0	19	HIGH
1409	bin_37	89.78	2.38	2174107	86	44488	132807	MEDIUM	SPMP73				19	MEDIUM
1410	bin_9	89.22	8.5	3405545	148	53233	195809	MEDIUM	SPMP73	5.0	4.0	2.0	20	MEDIUM
1411	bin_25	87.72	5.1	2840676	52	157215	464573	MEDIUM	SPMP73	6.0	6.0	6.0	20	MEDIUM
1412	bin_30	87.57	4.8	2318027	81	48314	214806	MEDIUM	SPMP73				18	MEDIUM
1413	bin_41	85.62	1.61	1931962	43	107215	192329	MEDIUM	SPMP73	1.0	1.0	2.0	18	MEDIUM
1415	bin_14	80.39	1.52	3144242	289	19762	72995	MEDIUM	SPMP73				16	MEDIUM
1416	bin_44	77.2	0.0	1369682	3	718228	718228	MEDIUM	SPMP73	1.0			17	MEDIUM
1417	bin_47	74.02	0.0	1159369	114	14952	40673	MEDIUM	SPMP73	2.0	1.0	1.0	16	MEDIUM
1418	bin_19	72.05	4.22	2976147	229	24656	81427	MEDIUM	SPMP73				16	MEDIUM
1419	bin_38	70.54	0.58	2081481	144	27310	74440	MEDIUM	SPMP73		1.0	1.0	17	MEDIUM
1420	bin_36	68.51	1.75	2194818	280	17053	73643	MEDIUM	SPMP73		1.0	1.0	20	MEDIUM
1421	bin_13	63.78	9.62	3232864	196	93028	227670	MEDIUM	SPMP73	2.0	3.0	3.0	20	MEDIUM
1422	bin_43	50.36	1.79	1542111	136	15269	46896	MEDIUM	SPMP73				17	MEDIUM
1455	bin_25	98.92	0.81	2375407	25	299853	657972	HIGH	SPMP59	3.0	3.0	2.0	20	HIGH
1456	bin_29	98.8	0.31	2192017	15	313311	460986	HIGH	SPMP59		1.0		20	NC
1457	bin_23	98.66	1.01	2421573	13	1355365	1355365	HIGH	SPMP59	3.0	2.0	2.0	19	HIGH
1458	bin_3	98.15	2.34	4012130	136	254342	669912	HIGH	SPMP59		5.0	5.0	20	NC
1459	bin_22	97.78	1.9	2436029	15	642272	664575	HIGH	SPMP59	5.0	5.0	5.0	20	HIGH
1460	bin_6	97.67	1.76	3688458	16	1213304	1709377	HIGH	SPMP59		4.0	4.0	20	NC
1461	bin_13	97.39	0.0	2990089	25	704780	930717	HIGH	SPMP59	6.0	6.0	6.0	20	HIGH
1462	bin_21	96.94	0.38	2439559	7	2006346	2006346	HIGH	SPMP59	1.0	3.0	3.0	20	HIGH
1463	bin_7	96.64	2.01	3657673	39	496871	851860	HIGH	SPMP59	6.0	7.0	7.0	20	HIGH
1464	bin_20	96.62	0.67	2465618	12	411393	842523	HIGH	SPMP59		3.0	3.0	20	NC
1465	bin_27	96.42	1.57	2336074	49	206488	576455	HIGH	SPMP59		2.0	2.0	20	NC
1466	bin_4	96.1	1.27	3920775	37	394518	1185833	HIGH	SPMP59	5.0	4.0	5.0	20	HIGH
1467	bin_19	95.15	0.67	2498011	43	105506	188816	HIGH	SPMP59				18	NC
1468	bin_30	94.66	0.15	2051737	18	520617	524667	HIGH	SPMP59	1.0	2.0	2.0	20	HIGH
1469	bin_10	93.45	1.96	3509665	172	52421	151635	HIGH	SPMP59		3.0	3.0	20	NC
1470	bin_9	92.15	2.14	3544045	210	40801	163086	HIGH	SPMP59		3.0	3.0	20	NC
1471	bin_18	91.62	1.01	2693820	101	56012	165269	HIGH	SPMP59	3.0	4.0	4.0	20	HIGH
1472	bin_1	90.79	0.73	4952264	296	32194	110383	HIGH	SPMP59	2.0	1.0	1.0	19	HIGH
1473	bin_17	90.14	0.68	2728997	156	26042	97258	HIGH	SPMP59	1.0	1.0	1.0	17	NC
1474	bin_2	89.33	1.71	4268810	188	47889	270945	MEDIUM	SPMP59	5.0	6.0	6.0	20	MEDIUM
1475	bin_26	87.1	0.96	2346893	201	21806	69157	MEDIUM	SPMP59		1.0	1.0	19	MEDIUM
1476	bin_12	87.05	2.04	3030328	131	47373	158446	MEDIUM	SPMP59	1.0	1.0	1.0	19	MEDIUM
1477	bin_11	86.81	0.97	3101085	259	18876	83284	MEDIUM	SPMP59			1.0	17	MEDIUM
1478	bin_15	86.79	0.09	2955232	341	18696	105321	MEDIUM	SPMP59		1.0	1.0	14	MEDIUM
1479	bin_14	86.55	2.51	2962551	317	14089	93249	MEDIUM	SPMP59	1.0	1.0	1.0	17	MEDIUM
1480	bin_16	84.11	1.68	2938566	261	27553	173924	MEDIUM	SPMP59	2.0	1.0	1.0	20	MEDIUM
1481	bin_24	79.25	1.27	2409067	304	16236	101874	MEDIUM	SPMP59	1.0	2.0	2.0	17	MEDIUM
1482	bin_5	77.87	3.8	3878893	155	111312	298384	MEDIUM	SPMP59	1.0	1.0	1.0	11	MEDIUM
1483	bin_8	75.75	3.44	3588767	71	161516	389073	MEDIUM	SPMP59	2.0	4.0	4.0	16	MEDIUM
1484	bin_31	53.96	1.9	1829737	254	11820	73904	MEDIUM	SPMP59		1.0	1.0	12	MEDIUM
1506	bin_64	99.6	0.81	2180216	38	109029	303583	HIGH	SPMP03	1.0	1.0	1.0	18	HIGH
1507	bin_46	99.53	0.66	2541540	52	114540	468537	HIGH	SPMP03				19	NC
1508	bin_28	99.53	0.68	2996654	44	492121	1298882	HIGH	SPMP03	5.0	5.0	5.0	20	HIGH
1509	bin_45	99.52	0.96	2543326	23	291218	740917	HIGH	SPMP03		1.0		20	NC
1510	bin_5	99.46	0.24	3679183	33	298910	547853	HIGH	SPMP03		4.0	4.0	19	NC
1511	bin_11	99.33	0.67	3489795	79	113412	296749	HIGH	SPMP03	2.0	1.0	1.0	20	HIGH
1512	bin_15	99.32	0.68	3346376	50	308848	709003	HIGH	SPMP03	3.0	3.0	4.0	20	HIGH
1513	bin_53	99.23	0.0	2444279	30	290113	470001	HIGH	SPMP03	7.0	5.0	5.0	20	HIGH
1514	bin_35	99.1	0.0	2756441	22	321578	574377	HIGH	SPMP03	6.0	6.0	6.0	20	HIGH
1515	bin_7	98.99	2.68	3605538	26	526719	1352278	HIGH	SPMP03	3.0	3.0	3.0	20	HIGH
1516	bin_13	98.83	0.58	3405888	30	644412	1090995	HIGH	SPMP03	5.0	5.0	5.0	20	HIGH
1517	bin_21	98.66	0.0	3144006	37	215649	593722	HIGH	SPMP03	2.0	3.0	3.0	20	HIGH
1518	bin_47	98.66	3.36	2533580	12	767176	859288	HIGH	SPMP03	7.0	7.0	7.0	20	HIGH
1519	bin_12	98.55	2.09	3460239	58	232154	454348	HIGH	SPMP03		3.0	3.0	20	NC
1520	bin_32	98.42	0.0	2844593	62	214094	351422	HIGH	SPMP03	3.0	5.0	5.0	20	HIGH
1521	bin_54	98.32	0.9	2441773	65	69467	214433	HIGH	SPMP03	3.0	2.0	2.0	20	HIGH
1522	bin_10	98.23	4.83	3499150	32	551892	878202	HIGH	SPMP03		4.0	4.0	20	NC
1523	bin_42	98.11	1.36	2635001	58	198856	550943	HIGH	SPMP03		9.0	9.0	20	NC
1524	bin_3	98.1	4.75	3777639	68	202862	912762	HIGH	SPMP03	5.0	5.0	5.0	20	HIGH
1525	bin_2	97.89	2.31	3917752	61	377170	599019	HIGH	SPMP03	6.0	6.0	6.0	20	HIGH
1526	bin_16	97.68	0.63	3297651	51	253215	642474	HIGH	SPMP03	4.0	5.0	5.0	20	HIGH
1527	bin_20	97.6	0.0	3162150	32	178379	470341	HIGH	SPMP03	2.0	1.0	1.0	20	HIGH
1528	bin_23	97.47	0.19	3094531	54	230421	644065	HIGH	SPMP03	2.0	5.0	5.0	20	HIGH
1529	bin_29	97.28	0.68	2949237	16	620882	749107	HIGH	SPMP03	3.0	3.0	3.0	20	HIGH
1530	bin_37	96.9	0.67	2701029	34	190640	377349	HIGH	SPMP03	1.0		1.0	20	NC
1531	bin_43	96.64	6.38	2614704	16	385957	1062672	MEDIUM	SPMP03	5.0	3.0	3.0	19	MEDIUM
1532	bin_41	96.64	2.35	2645412	49	114869	334941	HIGH	SPMP03	2.0	2.0	3.0	20	HIGH
1533	bin_27	96.64	1.23	3004510	21	349458	423382	HIGH	SPMP03	2.0	2.0	2.0	20	HIGH
1534	bin_24	96.62	0.81	3038036	72	176083	316349	HIGH	SPMP03	1.0	1.0	1.0	18	HIGH
1535	bin_4	96.6	4.76	3773930	70	377480	698400	HIGH	SPMP03	2.0	2.0	3.0	19	HIGH
1536	bin_18	96.16	0.24	3219009	45	163901	732970	HIGH	SPMP03	2.0	3.0	3.0	20	HIGH
1537	bin_33	96.1	2.06	2806275	60	146120	298762	HIGH	SPMP03	4.0	4.0	4.0	20	HIGH
1538	bin_51	95.56	1.34	2487991	43	96275	216934	HIGH	SPMP03		1.0	1.0	20	NC
1539	bin_25	92.93	1.34	3031852	49	194451	426395	HIGH	SPMP03	2.0	4.0	5.0	19	HIGH
1540	bin_59	92.89	1.06	2256218	71	107217	226382	HIGH	SPMP03	3.0	2.0	2.0	19	HIGH
1541	bin_44	92.62	1.45	2558917	132	31489	106427	HIGH	SPMP03	1.0	1.0	1.0	20	HIGH
1543	bin_67	92.28	0.0	1902020	20	271410	851831	HIGH	SPMP03	1.0			19	NC
1544	bin_49	92.27	1.5	2497263	79	103677	257294	HIGH	SPMP03	3.0	3.0	3.0	18	HIGH
1545	bin_9	91.95	2.08	3499552	89	104643	356554	HIGH	SPMP03	4.0	6.0	6.0	20	HIGH
1546	bin_19	91.51	0.63	3168299	76	115239	282051	HIGH	SPMP03	3.0	3.0	3.0	18	HIGH
1547	bin_65	91.05	0.0	2048967	70	69075	242075	HIGH	SPMP03	1.0	1.0	1.0	16	NC
1548	bin_6	89.24	4.53	3653032	187	44038	336432	MEDIUM	SPMP03	1.0	1.0	1.0	18	MEDIUM
1549	bin_26	89.15	2.56	3007243	95	95793	269350	MEDIUM	SPMP03	3.0	4.0	3.0	16	MEDIUM
1550	bin_31	88.57	0.9	2886235	44	210838	343042	MEDIUM	SPMP03		3.0	3.0	18	MEDIUM
1551	bin_22	88.47	0.67	3104827	107	50174	192774	MEDIUM	SPMP03	1.0	1.0	1.0	16	MEDIUM
1552	bin_48	88.01	0.12	2499363	28	283534	611808	MEDIUM	SPMP03	1.0	3.0	3.0	16	MEDIUM
1553	bin_62	87.36	0.81	2194370	67	60424	212189	MEDIUM	SPMP03	1.0	2.0	2.0	18	MEDIUM
1554	bin_56	86.66	1.25	2328516	110	45166	108307	MEDIUM	SPMP03				18	MEDIUM
1555	bin_70	83.43	0.12	1792580	62	45467	115368	MEDIUM	SPMP03		1.0	1.0	20	MEDIUM
1556	bin_52	82.44	1.34	2463151	48	71112	171307	MEDIUM	SPMP03	1.0	1.0	1.0	17	MEDIUM
1557	bin_30	82.08	3.25	2887995	54	99493	347931	MEDIUM	SPMP03	4.0	4.0	4.0	19	MEDIUM
1558	bin_36	81.25	5.94	2747851	152	60143	289818	MEDIUM	SPMP03		4.0	4.0	18	MEDIUM
1559	bin_34	81.24	1.58	2805468	75	69091	260755	MEDIUM	SPMP03	2.0	3.0	3.0	20	MEDIUM
1560	bin_55	80.09	0.68	2368704	132	31165	130313	MEDIUM	SPMP03	2.0	2.0	2.0	19	MEDIUM
1561	bin_39	79.49	0.27	2655664	103	53593	135186	MEDIUM	SPMP03	1.0	1.0	1.0	18	MEDIUM
1562	bin_58	78.96	1.66	2310397	187	31073	105751	MEDIUM	SPMP03		2.0	2.0	18	MEDIUM
1563	bin_38	75.54	2.85	2687415	34	220525	409311	MEDIUM	SPMP03		3.0	3.0	18	MEDIUM
1564	bin_14	74.52	0.63	3363503	97	56371	140734	MEDIUM	SPMP03	4.0	4.0	4.0	19	MEDIUM
1565	bin_50	69.15	0.95	2496097	23	130286	286423	MEDIUM	SPMP03		1.0	1.0	16	MEDIUM
1566	bin_8	68.99	7.46	3505222	124	359174	510079	MEDIUM	SPMP03	2.0	5.0	5.0	20	MEDIUM
1567	bin_69	68.89	0.0	1823114	141	22678	81322	MEDIUM	SPMP03				15	MEDIUM
1569	bin_73	63.64	0.52	1676094	50	46720	119606	MEDIUM	SPMP03	1.0	1.0	2.0	18	MEDIUM
1570	bin_66	62.54	1.92	1920373	216	16808	73755	MEDIUM	SPMP03	2.0	1.0	1.0	11	MEDIUM
1572	bin_75	56.46	0.31	1396416	77	31168	125079	MEDIUM	SPMP03		1.0	1.0	11	MEDIUM
1573	bin_68	54.03	0.81	1832352	292	15739	128852	MEDIUM	SPMP03		1.0	1.0	10	MEDIUM
1574	bin_57	53.72	2.18	2311122	15	511078	674419	MEDIUM	SPMP03	6.0	6.0	6.0	19	MEDIUM
1575	bin_60	50.26	2.27	2238194	116	30717	81394	MEDIUM	SPMP03	2.0	2.0	2.0	15	MEDIUM
1608	bin_19	100.0	0.1	2133535	57	68639	296458	HIGH	SPMP01	3.0			17	NC
1609	bin_16	100.0	1.27	2301882	82	57813	279830	HIGH	SPMP01	3.0	1.0	1.0	20	HIGH
1610	bin_14	100.0	0.47	2479542	179	30315	83135	HIGH	SPMP01			1.0	18	NC
1611	bin_21	99.48	0.0	2050183	112	34256	104819	HIGH	SPMP01	3.0			19	NC
1612	bin_17	99.4	2.54	2244575	91	60058	159017	HIGH	SPMP01	1.0			19	NC
1613	bin_27	99.19	0.81	1782482	22	126371	265360	HIGH	SPMP01				20	NC
1614	bin_22	99.18	0.0	2045471	57	71728	167659	HIGH	SPMP01	2.0			17	NC
1615	bin_18	99.09	5.16	2216339	32	143622	434284	MEDIUM	SPMP01	1.0	1.0		20	MEDIUM
1616	bin_15	98.5	1.18	2346477	300	12240	43641	HIGH	SPMP01	1.0			14	NC
1617	bin_3	98.46	0.0	4152484	82	80174	180610	HIGH	SPMP01	1.0			19	NC
1618	bin_2	98.33	1.13	4341941	145	45423	136084	HIGH	SPMP01	2.0			19	NC
1619	bin_10	97.96	0.68	2767118	41	177560	437799	HIGH	SPMP01	1.0		1.0	20	NC
1620	bin_8	97.27	4.22	3009768	421	11394	38194	HIGH	SPMP01				12	NC
1621	bin_4	96.55	3.38	3580704	271	20885	99660	HIGH	SPMP01				13	NC
1622	bin_25	96.41	0.0	1870883	150	18567	59830	HIGH	SPMP01				16	NC
1623	bin_20	95.57	0.02	2069731	158	20567	70071	HIGH	SPMP01	1.0			17	NC
1624	bin_6	94.09	5.0	3351118	273	18478	65320	HIGH	SPMP01	1.0			17	NC
1625	bin_12	94.07	4.26	2718271	379	13393	65623	HIGH	SPMP01				20	NC
1626	bin_26	92.74	2.02	1860698	44	98754	209523	HIGH	SPMP01				20	NC
1627	bin_7	91.14	5.81	3225165	327	14947	79909	MEDIUM	SPMP01				7	MEDIUM
1628	bin_23	84.7	6.57	2023610	443	6938	39840	MEDIUM	SPMP01	1.0			18	MEDIUM
1629	bin_13	83.06	1.7	2521272	244	14460	53100	MEDIUM	SPMP01				7	MEDIUM
1630	bin_9	82.23	1.01	2881686	545	7097	45014	MEDIUM	SPMP01				10	MEDIUM
1631	bin_5	77.58	3.0	3459320	659	6519	20460	MEDIUM	SPMP01			1.0	14	MEDIUM
1633	bin_24	68.45	8.62	1941032	433	6614	41624	MEDIUM	SPMP01				16	MEDIUM
1634	bin_11	61.98	4.27	2761496	513	5854	48666	MEDIUM	SPMP01	2.0			15	MEDIUM
1635	bin_28	50.35	1.75	1688432	293	7562	36444	MEDIUM	SPMP01	1.0			11	MEDIUM
1654	bin_9	99.88	0.88	3828895	95	242958	455333	HIGH	SPMP42		3.0	3.0	20	NC
1655	bin_12	99.37	1.27	3433792	38	341841	701859	HIGH	SPMP42	3.0	4.0	4.0	19	HIGH
1656	bin_11	99.33	1.51	3492114	17	754324	1481409	HIGH	SPMP42	8.0	8.0	8.0	20	HIGH
1657	bin_18	98.75	0.23	2972421	91	408482	732419	HIGH	SPMP42	6.0	6.0	6.0	15	NC
1658	bin_10	98.73	2.97	3640810	62	565975	825578	HIGH	SPMP42		4.0	4.0	20	NC
1659	bin_3	98.71	4.76	4689656	64	217463	1079345	HIGH	SPMP42	5.0	6.0	6.0	20	HIGH
1660	bin_19	98.55	1.34	2965293	33	472692	685571	HIGH	SPMP42	6.0	6.0	6.0	20	HIGH
1661	bin_16	98.25	0.0	3081646	29	237130	682948	HIGH	SPMP42		4.0	4.0	20	NC
1662	bin_8	97.92	0.97	3878775	27	437153	620881	HIGH	SPMP42	1.0	6.0	6.0	20	HIGH
1663	bin_22	97.65	1.34	2748721	125	52190	127699	HIGH	SPMP42	4.0	5.0	5.0	18	HIGH
1664	bin_7	97.47	1.58	4056512	56	278438	486380	HIGH	SPMP42		6.0	5.0	20	NC
1665	bin_15	97.28	0.0	3145253	60	107816	340602	HIGH	SPMP42	2.0	2.0	2.0	20	HIGH
1666	bin_14	97.17	0.0	3290834	42	192330	751061	HIGH	SPMP42		2.0	2.0	20	NC
1667	bin_2	96.96	0.19	5037182	43	172457	559705	HIGH	SPMP42	3.0	3.0	4.0	20	HIGH
1668	bin_24	96.89	2.46	2162707	44	88942	182333	HIGH	SPMP42	7.0	5.0	5.0	20	HIGH
1669	bin_20	96.78	0.0	2910916	28	644151	872564	HIGH	SPMP42	4.0	4.0	4.0	20	HIGH
1670	bin_4	96.2	0.32	4459053	146	91819	561985	HIGH	SPMP42	3.0	4.0	4.0	17	NC
1671	bin_21	95.93	0.63	2892597	70	105689	277559	HIGH	SPMP42	3.0	6.0	6.0	20	HIGH
1672	bin_6	95.91	8.77	4103189	45	431873	760784	MEDIUM	SPMP42	6.0	6.0	6.0	20	MEDIUM
1674	bin_17	94.81	0.67	2985789	30	276403	481699	HIGH	SPMP42		3.0	3.0	17	NC
1675	bin_26	94.34	0.45	1994877	8	1900013	1900013	HIGH	SPMP42	1.0	2.0	2.0	20	HIGH
1676	bin_23	93.9	0.63	2222184	2	2219261	2219261	HIGH	SPMP42	3.0	3.0	3.0	20	HIGH
1677	bin_13	86.47	1.73	3325955	306	24205	147594	MEDIUM	SPMP42	1.0		1.0	19	MEDIUM
1678	bin_1	82.79	5.1	5552820	481	29527	150283	MEDIUM	SPMP42	4.0	3.0	4.0	17	MEDIUM
1679	bin_25	81.51	0.92	2093285	276	18716	148283	MEDIUM	SPMP42				16	MEDIUM
1680	bin_27	55.15	0.0	1783574	148	18648	61216	MEDIUM	SPMP42				8	MEDIUM
